insert into units (id, name) values (1, 'piece');
insert into units (id, name) values (2, 'spoon');
insert into units (id, name) values (3, 'liter');
insert into units (id, name) values (4, 'teaspoon');
insert into units (id, name) values (5, 'kilogram');
insert into units (id, name) values (6, 'pinch');

insert into ingredients (id, unit_id, name, min_quantity) values (1, 2, 'Red Snapper - Fresh, Whole', 9.93);
insert into ingredients (id, unit_id, name, min_quantity) values (2, 1, 'Oil - Coconut', 5.52);
insert into ingredients (id, unit_id, name, min_quantity) values (3, 5, 'Leeks - Baby, White', 8.23);
insert into ingredients (id, unit_id, name, min_quantity) values (4, 6, 'Wine - Ruffino Chianti Classico', 8.04);
insert into ingredients (id, unit_id, name, min_quantity) values (5, 1, 'Flour - Chickpea', 7.57);
insert into ingredients (id, unit_id, name, min_quantity) values (6, 1, 'Foil - 4oz Custard Cup', 6.1);
insert into ingredients (id, unit_id, name, min_quantity) values (7, 5, 'Longos - Burritos', 7.46);
insert into ingredients (id, unit_id, name, min_quantity) values (8, 3, 'Rosemary - Fresh', 1.94);
insert into ingredients (id, unit_id, name, min_quantity) values (9, 1, 'Milk - 1%', 8.94);
insert into ingredients (id, unit_id, name, min_quantity) values (10, 6, 'Soup - Campbells Pasta Fagioli', 9.7);
insert into ingredients (id, unit_id, name, min_quantity) values (11, 6, 'Asparagus - Mexican', 8.66);
insert into ingredients (id, unit_id, name, min_quantity) values (12, 5, 'Salmon - Whole, 4 - 6 Pounds', 2.66);
insert into ingredients (id, unit_id, name, min_quantity) values (13, 3, 'Veal - Bones', 6.05);
insert into ingredients (id, unit_id, name, min_quantity) values (14, 5, 'Buffalo - Striploin', 2.23);
insert into ingredients (id, unit_id, name, min_quantity) values (15, 3, 'Beef - Chuck, Boneless', 2.58);
insert into ingredients (id, unit_id, name, min_quantity) values (16, 3, 'Wine - Mondavi Coastal Private', 0.81);
insert into ingredients (id, unit_id, name, min_quantity) values (17, 3, 'Thyme - Dried', 7.25);
insert into ingredients (id, unit_id, name, min_quantity) values (18, 2, 'Sachet', 2.75);
insert into ingredients (id, unit_id, name, min_quantity) values (19, 2, 'Crab - Claws, 26 - 30', 4.38);
insert into ingredients (id, unit_id, name, min_quantity) values (20, 4, 'Wooden Mop Handle', 8.31);
insert into ingredients (id, unit_id, name, min_quantity) values (21, 1, 'Beef - Cooked, Corned', 2.52);
insert into ingredients (id, unit_id, name, min_quantity) values (22, 4, 'Versatainer Nc - 888', 1.15);
insert into ingredients (id, unit_id, name, min_quantity) values (23, 4, 'Cheese - Marble', 2.19);
insert into ingredients (id, unit_id, name, min_quantity) values (24, 3, 'Pork Casing', 0.44);
insert into ingredients (id, unit_id, name, min_quantity) values (25, 5, 'Napkin White', 1.54);
insert into ingredients (id, unit_id, name, min_quantity) values (26, 2, 'Steampan - Half Size Shallow', 0.76);
insert into ingredients (id, unit_id, name, min_quantity) values (27, 3, 'Vinegar - Cider', 7.94);
insert into ingredients (id, unit_id, name, min_quantity) values (28, 5, 'Soup - Campbells, Cream Of', 8.16);
insert into ingredients (id, unit_id, name, min_quantity) values (29, 4, 'Pastry - Baked Scones - Mini', 9.14);
insert into ingredients (id, unit_id, name, min_quantity) values (30, 6, 'Wine - White, Colubia Cresh', 5.21);
insert into ingredients (id, unit_id, name, min_quantity) values (31, 6, 'Beer - Sleeman Fine Porter', 9.07);
insert into ingredients (id, unit_id, name, min_quantity) values (32, 2, 'Chocolate - Mi - Amere Semi', 1.03);
insert into ingredients (id, unit_id, name, min_quantity) values (33, 4, 'Pastry - Apple Large', 5.63);
insert into ingredients (id, unit_id, name, min_quantity) values (34, 2, 'Lid Tray - 12in Dome', 5.95);
insert into ingredients (id, unit_id, name, min_quantity) values (35, 2, 'Cheese - Brie Roitelet', 1.55);
insert into ingredients (id, unit_id, name, min_quantity) values (36, 6, 'Gatorade - Fruit Punch', 8.94);
insert into ingredients (id, unit_id, name, min_quantity) values (37, 1, 'Muffin Hinge - 211n', 0.21);
insert into ingredients (id, unit_id, name, min_quantity) values (38, 6, 'Chilli Paste, Sambal Oelek', 6.12);
insert into ingredients (id, unit_id, name, min_quantity) values (39, 6, 'Parsnip', 0.43);
insert into ingredients (id, unit_id, name, min_quantity) values (40, 2, 'Beer - Alexander Kieths, Pale Ale', 2.15);
insert into ingredients (id, unit_id, name, min_quantity) values (41, 6, 'Ginger - Fresh', 6.5);
insert into ingredients (id, unit_id, name, min_quantity) values (42, 3, 'Bar Energy Chocchip', 2.33);
insert into ingredients (id, unit_id, name, min_quantity) values (43, 1, 'Crab - Meat Combo', 7.06);
insert into ingredients (id, unit_id, name, min_quantity) values (44, 6, 'Table Cloth 81x81 White', 2.36);
insert into ingredients (id, unit_id, name, min_quantity) values (45, 1, 'Pate - Liver', 2.9);
insert into ingredients (id, unit_id, name, min_quantity) values (46, 3, 'Cranberries - Dry', 0.69);
insert into ingredients (id, unit_id, name, min_quantity) values (47, 2, 'Wine - Marlbourough Sauv Blanc', 3.37);
insert into ingredients (id, unit_id, name, min_quantity) values (48, 3, 'Flour - Strong Pizza', 3.7);
insert into ingredients (id, unit_id, name, min_quantity) values (49, 2, 'Soup Knorr Chili With Beans', 1.39);
insert into ingredients (id, unit_id, name, min_quantity) values (50, 2, 'Mackerel Whole Fresh', 8.98);
insert into ingredients (id, unit_id, name, min_quantity) values (51, 6, 'Wine - Guy Sage Touraine', 7.4);
insert into ingredients (id, unit_id, name, min_quantity) values (52, 6, 'Nut - Walnut, Chopped', 2.21);
insert into ingredients (id, unit_id, name, min_quantity) values (53, 2, 'Lady Fingers', 0.3);
insert into ingredients (id, unit_id, name, min_quantity) values (54, 3, 'Tomatoes - Vine Ripe, Yellow', 2.47);
insert into ingredients (id, unit_id, name, min_quantity) values (55, 4, 'Pork Ham Prager', 5.1);
insert into ingredients (id, unit_id, name, min_quantity) values (56, 2, 'Syrup - Pancake', 2.7);
insert into ingredients (id, unit_id, name, min_quantity) values (57, 1, 'Rum - Dark, Bacardi, Black', 0.84);
insert into ingredients (id, unit_id, name, min_quantity) values (58, 4, 'Soy Protein', 7.99);
insert into ingredients (id, unit_id, name, min_quantity) values (59, 1, 'Vodka - Hot, Lnferno', 7.0);
insert into ingredients (id, unit_id, name, min_quantity) values (60, 2, 'Broom - Push', 3.76);
insert into ingredients (id, unit_id, name, min_quantity) values (61, 2, 'Pepper - Yellow Bell', 5.89);
insert into ingredients (id, unit_id, name, min_quantity) values (62, 4, 'Beets', 9.57);
insert into ingredients (id, unit_id, name, min_quantity) values (63, 6, 'Vermouth - Sweet, Cinzano', 6.49);
insert into ingredients (id, unit_id, name, min_quantity) values (64, 4, 'Bread - White Mini Epi', 4.8);
insert into ingredients (id, unit_id, name, min_quantity) values (65, 3, 'Lamb - Leg, Diced', 5.17);
insert into ingredients (id, unit_id, name, min_quantity) values (66, 6, 'Cup - Translucent 7 Oz Clear', 2.68);
insert into ingredients (id, unit_id, name, min_quantity) values (67, 1, 'Milk - Skim', 6.79);
insert into ingredients (id, unit_id, name, min_quantity) values (68, 6, 'Melon - Watermelon, Seedless', 5.53);
insert into ingredients (id, unit_id, name, min_quantity) values (69, 3, 'Tea - Decaf 1 Cup', 9.61);
insert into ingredients (id, unit_id, name, min_quantity) values (70, 5, 'Soup - Campbells', 0.18);
insert into ingredients (id, unit_id, name, min_quantity) values (71, 5, 'Corn Meal', 1.19);
insert into ingredients (id, unit_id, name, min_quantity) values (72, 4, 'Pop - Club Soda Can', 6.72);
insert into ingredients (id, unit_id, name, min_quantity) values (73, 4, 'Flour - Strong Pizza', 6.74);
insert into ingredients (id, unit_id, name, min_quantity) values (74, 4, 'Clams - Bay', 0.36);
insert into ingredients (id, unit_id, name, min_quantity) values (75, 2, 'Potatoes - Idaho 100 Count', 5.53);
insert into ingredients (id, unit_id, name, min_quantity) values (76, 4, 'Coriander - Ground', 4.59);
insert into ingredients (id, unit_id, name, min_quantity) values (77, 4, 'Soup - Base Broth Chix', 9.09);
insert into ingredients (id, unit_id, name, min_quantity) values (78, 6, 'Cabbage Roll', 9.55);
insert into ingredients (id, unit_id, name, min_quantity) values (79, 3, 'Pectin', 7.06);
insert into ingredients (id, unit_id, name, min_quantity) values (80, 2, 'Grenadine', 3.18);
insert into ingredients (id, unit_id, name, min_quantity) values (81, 1, 'Tuna - Fresh', 2.82);
insert into ingredients (id, unit_id, name, min_quantity) values (82, 3, 'Oil - Olive', 3.34);
insert into ingredients (id, unit_id, name, min_quantity) values (83, 3, 'Cake - French Pear Tart', 8.82);
insert into ingredients (id, unit_id, name, min_quantity) values (84, 2, 'Flour - Corn, Fine', 9.59);
insert into ingredients (id, unit_id, name, min_quantity) values (85, 6, 'Sauce - Rosee', 2.18);
insert into ingredients (id, unit_id, name, min_quantity) values (86, 1, 'Mustard - Dijon', 2.6);
insert into ingredients (id, unit_id, name, min_quantity) values (87, 1, 'Rum - Coconut, Malibu', 7.36);
insert into ingredients (id, unit_id, name, min_quantity) values (88, 1, 'Thermometer Digital', 4.87);
insert into ingredients (id, unit_id, name, min_quantity) values (89, 1, 'Nut - Macadamia', 3.13);
insert into ingredients (id, unit_id, name, min_quantity) values (90, 6, 'Foil Wrap', 2.38);
insert into ingredients (id, unit_id, name, min_quantity) values (91, 4, 'Rolled Oats', 2.34);
insert into ingredients (id, unit_id, name, min_quantity) values (92, 1, 'Basil - Thai', 2.79);
insert into ingredients (id, unit_id, name, min_quantity) values (93, 2, 'Turkey - Ground. Lean', 3.95);
insert into ingredients (id, unit_id, name, min_quantity) values (94, 6, 'Asparagus - Mexican', 7.65);
insert into ingredients (id, unit_id, name, min_quantity) values (95, 2, 'Irish Cream - Butterscotch', 5.41);
insert into ingredients (id, unit_id, name, min_quantity) values (96, 5, 'Sauce Tomato Pouch', 7.67);
insert into ingredients (id, unit_id, name, min_quantity) values (97, 2, 'Chocolate Eclairs', 5.26);
insert into ingredients (id, unit_id, name, min_quantity) values (98, 6, 'Sage Ground Wiberg', 1.64);
insert into ingredients (id, unit_id, name, min_quantity) values (99, 2, 'French Pastries', 7.66);
insert into ingredients (id, unit_id, name, min_quantity) values (100, 6, 'Chocolate - Dark', 3.44);

insert into locations (id, name, address) values (1, 'Zhuxing Chaoxianzu', 'Delaware');
insert into locations (id, name, address) values (2, 'Baoping', 'Debs');
insert into locations (id, name, address) values (3, 'Areia Branca', 'Cascade');
insert into locations (id, name, address) values (4, 'Katsuyama', 'Farmco');
insert into locations (id, name, address) values (5, 'Dauphin', 'Banding');
insert into locations (id, name, address) values (6, 'Butha-Buthe', 'Esker');
insert into locations (id, name, address) values (7, 'Pembuanghulu', 'Brentwood');
insert into locations (id, name, address) values (8, 'Tarascon', 'Tennessee');
insert into locations (id, name, address) values (9, 'Olleros', 'Aberg');
insert into locations (id, name, address) values (10, 'Mineiros', 'Atwood');

insert into shipments (id, date, location_id) values (1, '08/02/2016', 10);
insert into shipments (id, date, location_id) values (2, '05/12/2018', 1);
insert into shipments (id, date, location_id) values (3, '05/14/2017', 1);
insert into shipments (id, date, location_id) values (4, '10/28/2017', 6);
insert into shipments (id, date, location_id) values (5, '06/24/2018', 3);
insert into shipments (id, date, location_id) values (6, '06/21/2017', 5);
insert into shipments (id, date, location_id) values (7, '09/28/2017', 2);
insert into shipments (id, date, location_id) values (8, '04/08/2018', 10);
insert into shipments (id, date, location_id) values (9, '07/27/2016', 5);
insert into shipments (id, date, location_id) values (10, '06/29/2016', 7);
insert into shipments (id, date, location_id) values (11, '03/10/2017', 4);
insert into shipments (id, date, location_id) values (12, '01/03/2018', 4);
insert into shipments (id, date, location_id) values (13, '10/04/2017', 7);
insert into shipments (id, date, location_id) values (14, '04/02/2017', 4);
insert into shipments (id, date, location_id) values (15, '09/30/2016', 9);
insert into shipments (id, date, location_id) values (16, '07/12/2017', 6);
insert into shipments (id, date, location_id) values (17, '03/23/2018', 5);
insert into shipments (id, date, location_id) values (18, '08/14/2016', 1);
insert into shipments (id, date, location_id) values (19, '11/25/2016', 9);
insert into shipments (id, date, location_id) values (20, '03/27/2018', 1);
insert into shipments (id, date, location_id) values (21, '01/22/2018', 9);
insert into shipments (id, date, location_id) values (22, '06/19/2018', 5);
insert into shipments (id, date, location_id) values (23, '03/12/2018', 6);
insert into shipments (id, date, location_id) values (24, '06/12/2018', 9);
insert into shipments (id, date, location_id) values (25, '07/28/2017', 10);
insert into shipments (id, date, location_id) values (26, '02/27/2018', 3);
insert into shipments (id, date, location_id) values (27, '05/12/2016', 10);
insert into shipments (id, date, location_id) values (28, '02/12/2017', 2);
insert into shipments (id, date, location_id) values (29, '12/15/2017', 9);
insert into shipments (id, date, location_id) values (30, '04/01/2018', 4);
insert into shipments (id, date, location_id) values (31, '09/23/2017', 2);
insert into shipments (id, date, location_id) values (32, '10/05/2017', 8);
insert into shipments (id, date, location_id) values (33, '02/20/2016', 8);
insert into shipments (id, date, location_id) values (34, '06/21/2018', 3);
insert into shipments (id, date, location_id) values (35, '10/13/2016', 6);
insert into shipments (id, date, location_id) values (36, '05/23/2016', 3);
insert into shipments (id, date, location_id) values (37, '10/13/2016', 2);
insert into shipments (id, date, location_id) values (38, '07/19/2017', 8);
insert into shipments (id, date, location_id) values (39, '05/01/2018', 4);
insert into shipments (id, date, location_id) values (40, '01/08/2018', 3);
insert into shipments (id, date, location_id) values (41, '07/20/2016', 8);
insert into shipments (id, date, location_id) values (42, '04/15/2017', 4);
insert into shipments (id, date, location_id) values (43, '05/29/2018', 5);
insert into shipments (id, date, location_id) values (44, '01/18/2016', 8);
insert into shipments (id, date, location_id) values (45, '01/09/2018', 5);
insert into shipments (id, date, location_id) values (46, '02/11/2016', 4);
insert into shipments (id, date, location_id) values (47, '07/10/2018', 3);
insert into shipments (id, date, location_id) values (48, '05/04/2016', 4);
insert into shipments (id, date, location_id) values (49, '06/01/2018', 7);
insert into shipments (id, date, location_id) values (50, '07/27/2017', 5);
insert into shipments (id, date, location_id) values (51, '07/30/2017', 2);
insert into shipments (id, date, location_id) values (52, '04/24/2018', 3);
insert into shipments (id, date, location_id) values (53, '09/29/2016', 4);
insert into shipments (id, date, location_id) values (54, '04/27/2017', 10);
insert into shipments (id, date, location_id) values (55, '04/05/2017', 9);
insert into shipments (id, date, location_id) values (56, '09/30/2016', 3);
insert into shipments (id, date, location_id) values (57, '01/19/2017', 2);
insert into shipments (id, date, location_id) values (58, '03/02/2016', 5);
insert into shipments (id, date, location_id) values (59, '05/16/2016', 6);
insert into shipments (id, date, location_id) values (60, '06/07/2016', 1);
insert into shipments (id, date, location_id) values (61, '07/13/2018', 8);
insert into shipments (id, date, location_id) values (62, '05/10/2017', 9);
insert into shipments (id, date, location_id) values (63, '11/28/2017', 2);
insert into shipments (id, date, location_id) values (64, '01/13/2016', 1);
insert into shipments (id, date, location_id) values (65, '02/24/2018', 3);
insert into shipments (id, date, location_id) values (66, '03/16/2016', 3);
insert into shipments (id, date, location_id) values (67, '07/08/2018', 9);
insert into shipments (id, date, location_id) values (68, '09/07/2016', 10);
insert into shipments (id, date, location_id) values (69, '04/07/2017', 2);
insert into shipments (id, date, location_id) values (70, '03/10/2016', 8);
insert into shipments (id, date, location_id) values (71, '03/19/2018', 1);
insert into shipments (id, date, location_id) values (72, '11/16/2017', 3);
insert into shipments (id, date, location_id) values (73, '04/23/2017', 5);
insert into shipments (id, date, location_id) values (74, '04/21/2017', 8);
insert into shipments (id, date, location_id) values (75, '03/06/2018', 9);
insert into shipments (id, date, location_id) values (76, '02/23/2016', 9);
insert into shipments (id, date, location_id) values (77, '08/28/2017', 3);
insert into shipments (id, date, location_id) values (78, '12/08/2016', 10);
insert into shipments (id, date, location_id) values (79, '07/22/2017', 4);
insert into shipments (id, date, location_id) values (80, '05/23/2016', 7);
insert into shipments (id, date, location_id) values (81, '02/09/2016', 4);
insert into shipments (id, date, location_id) values (82, '10/09/2016', 9);
insert into shipments (id, date, location_id) values (83, '03/22/2017', 8);
insert into shipments (id, date, location_id) values (84, '01/22/2016', 8);
insert into shipments (id, date, location_id) values (85, '03/17/2018', 2);
insert into shipments (id, date, location_id) values (86, '03/31/2016', 3);
insert into shipments (id, date, location_id) values (87, '07/28/2017', 8);
insert into shipments (id, date, location_id) values (88, '05/12/2016', 8);
insert into shipments (id, date, location_id) values (89, '03/18/2016', 1);
insert into shipments (id, date, location_id) values (90, '07/07/2016', 6);
insert into shipments (id, date, location_id) values (91, '05/18/2017', 3);
insert into shipments (id, date, location_id) values (92, '04/26/2017', 1);
insert into shipments (id, date, location_id) values (93, '10/04/2017', 2);
insert into shipments (id, date, location_id) values (94, '12/24/2016', 1);
insert into shipments (id, date, location_id) values (95, '06/07/2017', 10);
insert into shipments (id, date, location_id) values (96, '11/18/2017', 1);
insert into shipments (id, date, location_id) values (97, '01/25/2017', 2);
insert into shipments (id, date, location_id) values (98, '01/31/2018', 10);
insert into shipments (id, date, location_id) values (99, '04/13/2017', 2);
insert into shipments (id, date, location_id) values (100, '01/18/2016', 7);

insert into ingredients_in_shipments (id, ingredient_id, shipment_id, price, quantity, date, expiry_days) values (1, 61, 91, 142.35, 92.32, '1/6/2017', 3);
insert into ingredients_in_shipments (id, ingredient_id, shipment_id, price, quantity, date, expiry_days) values (2, 57, 50, 268.32, 64.05, '12/26/2016', 17);
insert into ingredients_in_shipments (id, ingredient_id, shipment_id, price, quantity, date, expiry_days) values (3, 63, 74, 358.73, 88.25, '8/31/2016', 8);
insert into ingredients_in_shipments (id, ingredient_id, shipment_id, price, quantity, date, expiry_days) values (4, 52, 24, 184.06, 5.5, '9/19/2017', 17);
insert into ingredients_in_shipments (id, ingredient_id, shipment_id, price, quantity, date, expiry_days) values (5, 31, 61, 614.77, 34.97, '2/9/2017', 10);
insert into ingredients_in_shipments (id, ingredient_id, shipment_id, price, quantity, date, expiry_days) values (6, 14, 64, 610.5, 12.17, '4/26/2018', 11);
insert into ingredients_in_shipments (id, ingredient_id, shipment_id, price, quantity, date, expiry_days) values (7, 32, 42, 585.25, 51.85, '3/11/2016', 14);
insert into ingredients_in_shipments (id, ingredient_id, shipment_id, price, quantity, date, expiry_days) values (8, 43, 44, 898.69, 40.57, '4/2/2018', 7);
insert into ingredients_in_shipments (id, ingredient_id, shipment_id, price, quantity, date, expiry_days) values (9, 85, 70, 535.59, 71.52, '9/14/2017', 16);
insert into ingredients_in_shipments (id, ingredient_id, shipment_id, price, quantity, date, expiry_days) values (10, 68, 82, 79.21, 21.17, '3/24/2016', 18);
insert into ingredients_in_shipments (id, ingredient_id, shipment_id, price, quantity, date, expiry_days) values (11, 58, 19, 625.81, 83.12, '3/14/2018', 12);
insert into ingredients_in_shipments (id, ingredient_id, shipment_id, price, quantity, date, expiry_days) values (12, 98, 44, 834.32, 87.36, '5/30/2017', 20);
insert into ingredients_in_shipments (id, ingredient_id, shipment_id, price, quantity, date, expiry_days) values (13, 92, 56, 52.41, 44.68, '4/8/2018', 10);
insert into ingredients_in_shipments (id, ingredient_id, shipment_id, price, quantity, date, expiry_days) values (14, 64, 35, 232.44, 79.98, '5/19/2018', 5);
insert into ingredients_in_shipments (id, ingredient_id, shipment_id, price, quantity, date, expiry_days) values (15, 33, 67, 977.29, 1.03, '11/14/2017', 5);
insert into ingredients_in_shipments (id, ingredient_id, shipment_id, price, quantity, date, expiry_days) values (16, 9, 75, 968.53, 38.62, '7/6/2018', 5);
insert into ingredients_in_shipments (id, ingredient_id, shipment_id, price, quantity, date, expiry_days) values (17, 77, 35, 557.83, 5.33, '6/27/2016', 12);
insert into ingredients_in_shipments (id, ingredient_id, shipment_id, price, quantity, date, expiry_days) values (18, 3, 28, 794.07, 40.01, '4/10/2016', 4);
insert into ingredients_in_shipments (id, ingredient_id, shipment_id, price, quantity, date, expiry_days) values (19, 23, 76, 603.61, 89.07, '4/28/2018', 5);
insert into ingredients_in_shipments (id, ingredient_id, shipment_id, price, quantity, date, expiry_days) values (20, 42, 16, 824.02, 84.65, '11/10/2017', 7);
insert into ingredients_in_shipments (id, ingredient_id, shipment_id, price, quantity, date, expiry_days) values (21, 92, 44, 847.74, 38.41, '12/26/2016', 7);
insert into ingredients_in_shipments (id, ingredient_id, shipment_id, price, quantity, date, expiry_days) values (22, 52, 44, 475.88, 39.18, '12/7/2017', 9);
insert into ingredients_in_shipments (id, ingredient_id, shipment_id, price, quantity, date, expiry_days) values (23, 33, 34, 93.95, 90.34, '3/27/2016', 19);
insert into ingredients_in_shipments (id, ingredient_id, shipment_id, price, quantity, date, expiry_days) values (24, 45, 66, 47.23, 50.78, '11/27/2016', 8);
insert into ingredients_in_shipments (id, ingredient_id, shipment_id, price, quantity, date, expiry_days) values (25, 91, 44, 251.94, 67.99, '8/6/2017', 20);
insert into ingredients_in_shipments (id, ingredient_id, shipment_id, price, quantity, date, expiry_days) values (26, 65, 68, 113.65, 45.97, '2/6/2016', 13);
insert into ingredients_in_shipments (id, ingredient_id, shipment_id, price, quantity, date, expiry_days) values (27, 100, 53, 345.58, 16.77, '5/8/2017', 10);
insert into ingredients_in_shipments (id, ingredient_id, shipment_id, price, quantity, date, expiry_days) values (28, 52, 35, 215.85, 46.59, '4/15/2016', 20);
insert into ingredients_in_shipments (id, ingredient_id, shipment_id, price, quantity, date, expiry_days) values (29, 72, 41, 722.1, 77.9, '5/13/2018', 10);
insert into ingredients_in_shipments (id, ingredient_id, shipment_id, price, quantity, date, expiry_days) values (30, 66, 92, 518.97, 49.92, '3/2/2018', 4);
insert into ingredients_in_shipments (id, ingredient_id, shipment_id, price, quantity, date, expiry_days) values (31, 61, 90, 311.52, 68.28, '10/4/2016', 15);
insert into ingredients_in_shipments (id, ingredient_id, shipment_id, price, quantity, date, expiry_days) values (32, 97, 72, 387.14, 41.91, '9/11/2017', 7);
insert into ingredients_in_shipments (id, ingredient_id, shipment_id, price, quantity, date, expiry_days) values (33, 60, 89, 176.47, 79.5, '1/7/2016', 8);
insert into ingredients_in_shipments (id, ingredient_id, shipment_id, price, quantity, date, expiry_days) values (34, 62, 64, 715.82, 90.63, '12/22/2017', 13);
insert into ingredients_in_shipments (id, ingredient_id, shipment_id, price, quantity, date, expiry_days) values (35, 90, 83, 900.53, 64.82, '3/12/2016', 3);
insert into ingredients_in_shipments (id, ingredient_id, shipment_id, price, quantity, date, expiry_days) values (36, 89, 42, 560.04, 63.59, '3/1/2017', 15);
insert into ingredients_in_shipments (id, ingredient_id, shipment_id, price, quantity, date, expiry_days) values (37, 53, 40, 112.88, 8.44, '6/25/2018', 10);
insert into ingredients_in_shipments (id, ingredient_id, shipment_id, price, quantity, date, expiry_days) values (38, 2, 50, 12.78, 67.22, '11/11/2016', 10);
insert into ingredients_in_shipments (id, ingredient_id, shipment_id, price, quantity, date, expiry_days) values (39, 84, 23, 43.75, 10.06, '11/3/2016', 14);
insert into ingredients_in_shipments (id, ingredient_id, shipment_id, price, quantity, date, expiry_days) values (40, 60, 23, 780.43, 80.41, '8/28/2017', 8);
insert into ingredients_in_shipments (id, ingredient_id, shipment_id, price, quantity, date, expiry_days) values (41, 35, 15, 75.75, 13.35, '4/3/2017', 9);
insert into ingredients_in_shipments (id, ingredient_id, shipment_id, price, quantity, date, expiry_days) values (42, 70, 93, 639.55, 75.21, '5/2/2016', 20);
insert into ingredients_in_shipments (id, ingredient_id, shipment_id, price, quantity, date, expiry_days) values (43, 36, 40, 38.13, 71.6, '1/19/2016', 16);
insert into ingredients_in_shipments (id, ingredient_id, shipment_id, price, quantity, date, expiry_days) values (44, 22, 79, 647.38, 40.5, '8/17/2016', 19);
insert into ingredients_in_shipments (id, ingredient_id, shipment_id, price, quantity, date, expiry_days) values (45, 73, 72, 409.23, 87.26, '7/10/2018', 3);
insert into ingredients_in_shipments (id, ingredient_id, shipment_id, price, quantity, date, expiry_days) values (46, 58, 86, 269.19, 31.25, '4/29/2017', 19);
insert into ingredients_in_shipments (id, ingredient_id, shipment_id, price, quantity, date, expiry_days) values (47, 24, 6, 994.91, 1.23, '11/6/2017', 11);
insert into ingredients_in_shipments (id, ingredient_id, shipment_id, price, quantity, date, expiry_days) values (48, 83, 32, 897.68, 48.45, '2/15/2017', 7);
insert into ingredients_in_shipments (id, ingredient_id, shipment_id, price, quantity, date, expiry_days) values (49, 51, 37, 833.2, 68.26, '7/29/2017', 3);
insert into ingredients_in_shipments (id, ingredient_id, shipment_id, price, quantity, date, expiry_days) values (50, 39, 55, 779.11, 26.78, '1/24/2017', 6);
insert into ingredients_in_shipments (id, ingredient_id, shipment_id, price, quantity, date, expiry_days) values (51, 13, 48, 993.95, 40.41, '12/21/2016', 19);
insert into ingredients_in_shipments (id, ingredient_id, shipment_id, price, quantity, date, expiry_days) values (52, 43, 79, 208.76, 47.45, '6/12/2018', 11);
insert into ingredients_in_shipments (id, ingredient_id, shipment_id, price, quantity, date, expiry_days) values (53, 35, 86, 814.55, 91.14, '2/16/2016', 14);
insert into ingredients_in_shipments (id, ingredient_id, shipment_id, price, quantity, date, expiry_days) values (54, 20, 92, 917.26, 85.8, '5/19/2016', 7);
insert into ingredients_in_shipments (id, ingredient_id, shipment_id, price, quantity, date, expiry_days) values (55, 37, 27, 419.65, 71.07, '4/19/2018', 20);
insert into ingredients_in_shipments (id, ingredient_id, shipment_id, price, quantity, date, expiry_days) values (56, 47, 76, 753.38, 95.55, '4/20/2018', 11);
insert into ingredients_in_shipments (id, ingredient_id, shipment_id, price, quantity, date, expiry_days) values (57, 51, 56, 664.57, 39.0, '3/1/2017', 8);
insert into ingredients_in_shipments (id, ingredient_id, shipment_id, price, quantity, date, expiry_days) values (58, 85, 79, 495.95, 52.65, '8/29/2017', 3);
insert into ingredients_in_shipments (id, ingredient_id, shipment_id, price, quantity, date, expiry_days) values (59, 88, 48, 380.75, 12.06, '3/16/2016', 3);
insert into ingredients_in_shipments (id, ingredient_id, shipment_id, price, quantity, date, expiry_days) values (60, 47, 2, 646.52, 35.05, '3/27/2017', 10);
insert into ingredients_in_shipments (id, ingredient_id, shipment_id, price, quantity, date, expiry_days) values (61, 63, 55, 85.42, 91.16, '9/8/2017', 17);
insert into ingredients_in_shipments (id, ingredient_id, shipment_id, price, quantity, date, expiry_days) values (62, 34, 45, 620.98, 3.12, '1/17/2018', 14);
insert into ingredients_in_shipments (id, ingredient_id, shipment_id, price, quantity, date, expiry_days) values (63, 2, 50, 915.15, 7.55, '7/15/2016', 10);
insert into ingredients_in_shipments (id, ingredient_id, shipment_id, price, quantity, date, expiry_days) values (64, 31, 66, 786.39, 97.42, '8/31/2016', 6);
insert into ingredients_in_shipments (id, ingredient_id, shipment_id, price, quantity, date, expiry_days) values (65, 93, 11, 692.5, 6.05, '6/12/2018', 12);
insert into ingredients_in_shipments (id, ingredient_id, shipment_id, price, quantity, date, expiry_days) values (66, 94, 99, 657.61, 45.62, '4/9/2017', 7);
insert into ingredients_in_shipments (id, ingredient_id, shipment_id, price, quantity, date, expiry_days) values (67, 35, 13, 343.49, 82.28, '7/26/2016', 8);
insert into ingredients_in_shipments (id, ingredient_id, shipment_id, price, quantity, date, expiry_days) values (68, 2, 2, 414.47, 59.62, '4/15/2018', 13);
insert into ingredients_in_shipments (id, ingredient_id, shipment_id, price, quantity, date, expiry_days) values (69, 40, 50, 662.32, 59.25, '1/27/2017', 5);
insert into ingredients_in_shipments (id, ingredient_id, shipment_id, price, quantity, date, expiry_days) values (70, 8, 52, 621.24, 6.22, '11/14/2016', 20);
insert into ingredients_in_shipments (id, ingredient_id, shipment_id, price, quantity, date, expiry_days) values (71, 62, 80, 308.36, 72.25, '3/19/2018', 8);
insert into ingredients_in_shipments (id, ingredient_id, shipment_id, price, quantity, date, expiry_days) values (72, 43, 93, 537.33, 4.38, '4/14/2016', 16);
insert into ingredients_in_shipments (id, ingredient_id, shipment_id, price, quantity, date, expiry_days) values (73, 36, 21, 782.18, 80.28, '4/22/2018', 20);
insert into ingredients_in_shipments (id, ingredient_id, shipment_id, price, quantity, date, expiry_days) values (74, 72, 14, 259.52, 59.87, '3/12/2017', 17);
insert into ingredients_in_shipments (id, ingredient_id, shipment_id, price, quantity, date, expiry_days) values (75, 23, 11, 116.02, 16.87, '7/26/2017', 13);
insert into ingredients_in_shipments (id, ingredient_id, shipment_id, price, quantity, date, expiry_days) values (76, 14, 53, 982.5, 9.73, '4/10/2017', 8);
insert into ingredients_in_shipments (id, ingredient_id, shipment_id, price, quantity, date, expiry_days) values (77, 52, 48, 965.63, 50.19, '6/27/2018', 7);
insert into ingredients_in_shipments (id, ingredient_id, shipment_id, price, quantity, date, expiry_days) values (78, 56, 89, 845.13, 79.25, '9/3/2017', 4);
insert into ingredients_in_shipments (id, ingredient_id, shipment_id, price, quantity, date, expiry_days) values (79, 97, 60, 999.65, 80.52, '4/28/2018', 9);
insert into ingredients_in_shipments (id, ingredient_id, shipment_id, price, quantity, date, expiry_days) values (80, 4, 100, 634.92, 6.81, '12/12/2016', 17);
insert into ingredients_in_shipments (id, ingredient_id, shipment_id, price, quantity, date, expiry_days) values (81, 84, 83, 144.96, 54.65, '1/22/2017', 4);
insert into ingredients_in_shipments (id, ingredient_id, shipment_id, price, quantity, date, expiry_days) values (82, 27, 67, 375.95, 4.23, '7/30/2017', 3);
insert into ingredients_in_shipments (id, ingredient_id, shipment_id, price, quantity, date, expiry_days) values (83, 12, 29, 703.33, 36.67, '11/28/2017', 3);
insert into ingredients_in_shipments (id, ingredient_id, shipment_id, price, quantity, date, expiry_days) values (84, 56, 38, 965.09, 42.59, '12/28/2016', 14);
insert into ingredients_in_shipments (id, ingredient_id, shipment_id, price, quantity, date, expiry_days) values (85, 83, 97, 191.71, 48.48, '3/2/2018', 8);
insert into ingredients_in_shipments (id, ingredient_id, shipment_id, price, quantity, date, expiry_days) values (86, 95, 86, 601.46, 19.07, '1/30/2016', 7);
insert into ingredients_in_shipments (id, ingredient_id, shipment_id, price, quantity, date, expiry_days) values (87, 67, 67, 94.07, 97.16, '1/25/2018', 10);
insert into ingredients_in_shipments (id, ingredient_id, shipment_id, price, quantity, date, expiry_days) values (88, 30, 85, 430.76, 15.81, '2/6/2017', 9);
insert into ingredients_in_shipments (id, ingredient_id, shipment_id, price, quantity, date, expiry_days) values (89, 71, 52, 1.07, 14.17, '5/11/2016', 8);
insert into ingredients_in_shipments (id, ingredient_id, shipment_id, price, quantity, date, expiry_days) values (90, 57, 52, 928.31, 28.95, '3/27/2018', 4);
insert into ingredients_in_shipments (id, ingredient_id, shipment_id, price, quantity, date, expiry_days) values (91, 71, 59, 479.98, 80.1, '5/27/2017', 7);
insert into ingredients_in_shipments (id, ingredient_id, shipment_id, price, quantity, date, expiry_days) values (92, 12, 32, 239.1, 14.59, '10/19/2017', 20);
insert into ingredients_in_shipments (id, ingredient_id, shipment_id, price, quantity, date, expiry_days) values (93, 64, 51, 828.78, 57.75, '6/23/2017', 16);
insert into ingredients_in_shipments (id, ingredient_id, shipment_id, price, quantity, date, expiry_days) values (94, 89, 90, 317.78, 18.93, '12/10/2017', 5);
insert into ingredients_in_shipments (id, ingredient_id, shipment_id, price, quantity, date, expiry_days) values (95, 20, 31, 931.39, 36.31, '5/30/2018', 13);
insert into ingredients_in_shipments (id, ingredient_id, shipment_id, price, quantity, date, expiry_days) values (96, 5, 61, 46.93, 41.17, '1/26/2018', 10);
insert into ingredients_in_shipments (id, ingredient_id, shipment_id, price, quantity, date, expiry_days) values (97, 71, 77, 724.9, 62.92, '1/6/2017', 16);
insert into ingredients_in_shipments (id, ingredient_id, shipment_id, price, quantity, date, expiry_days) values (98, 18, 94, 632.85, 47.49, '4/24/2018', 19);
insert into ingredients_in_shipments (id, ingredient_id, shipment_id, price, quantity, date, expiry_days) values (99, 62, 75, 396.86, 41.42, '8/17/2016', 6);
insert into ingredients_in_shipments (id, ingredient_id, shipment_id, price, quantity, date, expiry_days) values (100, 45, 10, 173.74, 12.25, '12/23/2017', 4);

insert into orders (id, table_number) values (1, 136);
insert into orders (id, table_number) values (2, 35);
insert into orders (id, table_number) values (3, 111);
insert into orders (id, table_number) values (4, 67);
insert into orders (id, table_number) values (5, 171);
insert into orders (id, table_number) values (6, 112);
insert into orders (id, table_number) values (7, 132);
insert into orders (id, table_number) values (8, 65);
insert into orders (id, table_number) values (9, 185);
insert into orders (id, table_number) values (10, 159);
insert into orders (id, table_number) values (11, 87);
insert into orders (id, table_number) values (12, 160);
insert into orders (id, table_number) values (13, 6);
insert into orders (id, table_number) values (14, 99);
insert into orders (id, table_number) values (15, 120);
insert into orders (id, table_number) values (16, 99);
insert into orders (id, table_number) values (17, 47);
insert into orders (id, table_number) values (18, 99);
insert into orders (id, table_number) values (19, 76);
insert into orders (id, table_number) values (20, 20);
insert into orders (id, table_number) values (21, 122);
insert into orders (id, table_number) values (22, 193);
insert into orders (id, table_number) values (23, 134);
insert into orders (id, table_number) values (24, 67);
insert into orders (id, table_number) values (25, 49);
insert into orders (id, table_number) values (26, 199);
insert into orders (id, table_number) values (27, 46);
insert into orders (id, table_number) values (28, 53);
insert into orders (id, table_number) values (29, 176);
insert into orders (id, table_number) values (30, 141);
insert into orders (id, table_number) values (31, 171);
insert into orders (id, table_number) values (32, 57);
insert into orders (id, table_number) values (33, 169);
insert into orders (id, table_number) values (34, 54);
insert into orders (id, table_number) values (35, 13);
insert into orders (id, table_number) values (36, 110);
insert into orders (id, table_number) values (37, 114);
insert into orders (id, table_number) values (38, 64);
insert into orders (id, table_number) values (39, 41);
insert into orders (id, table_number) values (40, 130);
insert into orders (id, table_number) values (41, 58);
insert into orders (id, table_number) values (42, 155);
insert into orders (id, table_number) values (43, 69);
insert into orders (id, table_number) values (44, 13);
insert into orders (id, table_number) values (45, 7);
insert into orders (id, table_number) values (46, 185);
insert into orders (id, table_number) values (47, 98);
insert into orders (id, table_number) values (48, 131);
insert into orders (id, table_number) values (49, 178);
insert into orders (id, table_number) values (50, 22);
insert into orders (id, table_number) values (51, 38);
insert into orders (id, table_number) values (52, 110);
insert into orders (id, table_number) values (53, 97);
insert into orders (id, table_number) values (54, 167);
insert into orders (id, table_number) values (55, 38);
insert into orders (id, table_number) values (56, 109);
insert into orders (id, table_number) values (57, 154);
insert into orders (id, table_number) values (58, 113);
insert into orders (id, table_number) values (59, 138);
insert into orders (id, table_number) values (60, 30);
insert into orders (id, table_number) values (61, 41);
insert into orders (id, table_number) values (62, 76);
insert into orders (id, table_number) values (63, 161);
insert into orders (id, table_number) values (64, 90);
insert into orders (id, table_number) values (65, 143);
insert into orders (id, table_number) values (66, 166);
insert into orders (id, table_number) values (67, 105);
insert into orders (id, table_number) values (68, 75);
insert into orders (id, table_number) values (69, 122);
insert into orders (id, table_number) values (70, 135);
insert into orders (id, table_number) values (71, 30);
insert into orders (id, table_number) values (72, 157);
insert into orders (id, table_number) values (73, 97);
insert into orders (id, table_number) values (74, 25);
insert into orders (id, table_number) values (75, 115);
insert into orders (id, table_number) values (76, 147);
insert into orders (id, table_number) values (77, 10);
insert into orders (id, table_number) values (78, 46);
insert into orders (id, table_number) values (79, 44);
insert into orders (id, table_number) values (80, 71);
insert into orders (id, table_number) values (81, 104);
insert into orders (id, table_number) values (82, 152);
insert into orders (id, table_number) values (83, 69);
insert into orders (id, table_number) values (84, 51);
insert into orders (id, table_number) values (85, 68);
insert into orders (id, table_number) values (86, 163);
insert into orders (id, table_number) values (87, 28);
insert into orders (id, table_number) values (88, 85);
insert into orders (id, table_number) values (89, 112);
insert into orders (id, table_number) values (90, 76);
insert into orders (id, table_number) values (91, 80);
insert into orders (id, table_number) values (92, 189);
insert into orders (id, table_number) values (93, 125);
insert into orders (id, table_number) values (94, 153);
insert into orders (id, table_number) values (95, 98);
insert into orders (id, table_number) values (96, 20);
insert into orders (id, table_number) values (97, 68);
insert into orders (id, table_number) values (98, 168);
insert into orders (id, table_number) values (99, 141);
insert into orders (id, table_number) values (100, 146);
insert into orders (id, table_number) values (101, 51);
insert into orders (id, table_number) values (102, 77);
insert into orders (id, table_number) values (103, 10);
insert into orders (id, table_number) values (104, 2);
insert into orders (id, table_number) values (105, 171);
insert into orders (id, table_number) values (106, 20);
insert into orders (id, table_number) values (107, 130);
insert into orders (id, table_number) values (108, 75);
insert into orders (id, table_number) values (109, 140);
insert into orders (id, table_number) values (110, 131);
insert into orders (id, table_number) values (111, 92);
insert into orders (id, table_number) values (112, 50);
insert into orders (id, table_number) values (113, 157);
insert into orders (id, table_number) values (114, 24);
insert into orders (id, table_number) values (115, 8);
insert into orders (id, table_number) values (116, 135);
insert into orders (id, table_number) values (117, 151);
insert into orders (id, table_number) values (118, 114);
insert into orders (id, table_number) values (119, 186);
insert into orders (id, table_number) values (120, 163);
insert into orders (id, table_number) values (121, 194);
insert into orders (id, table_number) values (122, 96);
insert into orders (id, table_number) values (123, 114);
insert into orders (id, table_number) values (124, 48);
insert into orders (id, table_number) values (125, 23);
insert into orders (id, table_number) values (126, 11);
insert into orders (id, table_number) values (127, 107);
insert into orders (id, table_number) values (128, 35);
insert into orders (id, table_number) values (129, 191);
insert into orders (id, table_number) values (130, 90);
insert into orders (id, table_number) values (131, 59);
insert into orders (id, table_number) values (132, 195);
insert into orders (id, table_number) values (133, 199);
insert into orders (id, table_number) values (134, 77);
insert into orders (id, table_number) values (135, 109);
insert into orders (id, table_number) values (136, 120);
insert into orders (id, table_number) values (137, 11);
insert into orders (id, table_number) values (138, 191);
insert into orders (id, table_number) values (139, 53);
insert into orders (id, table_number) values (140, 145);
insert into orders (id, table_number) values (141, 144);
insert into orders (id, table_number) values (142, 16);
insert into orders (id, table_number) values (143, 58);
insert into orders (id, table_number) values (144, 44);
insert into orders (id, table_number) values (145, 84);
insert into orders (id, table_number) values (146, 41);
insert into orders (id, table_number) values (147, 80);
insert into orders (id, table_number) values (148, 72);
insert into orders (id, table_number) values (149, 82);
insert into orders (id, table_number) values (150, 9);
insert into orders (id, table_number) values (151, 47);
insert into orders (id, table_number) values (152, 176);
insert into orders (id, table_number) values (153, 50);
insert into orders (id, table_number) values (154, 141);
insert into orders (id, table_number) values (155, 165);
insert into orders (id, table_number) values (156, 2);
insert into orders (id, table_number) values (157, 63);
insert into orders (id, table_number) values (158, 189);
insert into orders (id, table_number) values (159, 35);
insert into orders (id, table_number) values (160, 151);
insert into orders (id, table_number) values (161, 152);
insert into orders (id, table_number) values (162, 107);
insert into orders (id, table_number) values (163, 145);
insert into orders (id, table_number) values (164, 171);
insert into orders (id, table_number) values (165, 45);
insert into orders (id, table_number) values (166, 57);
insert into orders (id, table_number) values (167, 1);
insert into orders (id, table_number) values (168, 200);
insert into orders (id, table_number) values (169, 90);
insert into orders (id, table_number) values (170, 112);
insert into orders (id, table_number) values (171, 104);
insert into orders (id, table_number) values (172, 120);
insert into orders (id, table_number) values (173, 171);
insert into orders (id, table_number) values (174, 124);
insert into orders (id, table_number) values (175, 41);
insert into orders (id, table_number) values (176, 29);
insert into orders (id, table_number) values (177, 10);
insert into orders (id, table_number) values (178, 128);
insert into orders (id, table_number) values (179, 63);
insert into orders (id, table_number) values (180, 164);
insert into orders (id, table_number) values (181, 167);
insert into orders (id, table_number) values (182, 95);
insert into orders (id, table_number) values (183, 43);
insert into orders (id, table_number) values (184, 54);
insert into orders (id, table_number) values (185, 90);
insert into orders (id, table_number) values (186, 3);
insert into orders (id, table_number) values (187, 186);
insert into orders (id, table_number) values (188, 141);
insert into orders (id, table_number) values (189, 150);
insert into orders (id, table_number) values (190, 50);
insert into orders (id, table_number) values (191, 165);
insert into orders (id, table_number) values (192, 83);
insert into orders (id, table_number) values (193, 195);
insert into orders (id, table_number) values (194, 37);
insert into orders (id, table_number) values (195, 149);
insert into orders (id, table_number) values (196, 122);
insert into orders (id, table_number) values (197, 89);
insert into orders (id, table_number) values (198, 34);
insert into orders (id, table_number) values (199, 32);
insert into orders (id, table_number) values (200, 6);
insert into orders (id, table_number) values (201, 80);
insert into orders (id, table_number) values (202, 120);
insert into orders (id, table_number) values (203, 45);
insert into orders (id, table_number) values (204, 1);
insert into orders (id, table_number) values (205, 32);
insert into orders (id, table_number) values (206, 96);
insert into orders (id, table_number) values (207, 49);
insert into orders (id, table_number) values (208, 97);
insert into orders (id, table_number) values (209, 105);
insert into orders (id, table_number) values (210, 119);
insert into orders (id, table_number) values (211, 144);
insert into orders (id, table_number) values (212, 157);
insert into orders (id, table_number) values (213, 116);
insert into orders (id, table_number) values (214, 68);
insert into orders (id, table_number) values (215, 130);
insert into orders (id, table_number) values (216, 133);
insert into orders (id, table_number) values (217, 72);
insert into orders (id, table_number) values (218, 35);
insert into orders (id, table_number) values (219, 81);
insert into orders (id, table_number) values (220, 8);
insert into orders (id, table_number) values (221, 21);
insert into orders (id, table_number) values (222, 75);
insert into orders (id, table_number) values (223, 32);
insert into orders (id, table_number) values (224, 30);
insert into orders (id, table_number) values (225, 34);
insert into orders (id, table_number) values (226, 31);
insert into orders (id, table_number) values (227, 105);
insert into orders (id, table_number) values (228, 16);
insert into orders (id, table_number) values (229, 12);
insert into orders (id, table_number) values (230, 54);
insert into orders (id, table_number) values (231, 6);
insert into orders (id, table_number) values (232, 104);
insert into orders (id, table_number) values (233, 175);
insert into orders (id, table_number) values (234, 49);
insert into orders (id, table_number) values (235, 74);
insert into orders (id, table_number) values (236, 84);
insert into orders (id, table_number) values (237, 63);
insert into orders (id, table_number) values (238, 175);
insert into orders (id, table_number) values (239, 155);
insert into orders (id, table_number) values (240, 26);
insert into orders (id, table_number) values (241, 2);
insert into orders (id, table_number) values (242, 143);
insert into orders (id, table_number) values (243, 119);
insert into orders (id, table_number) values (244, 131);
insert into orders (id, table_number) values (245, 44);
insert into orders (id, table_number) values (246, 160);
insert into orders (id, table_number) values (247, 83);
insert into orders (id, table_number) values (248, 93);
insert into orders (id, table_number) values (249, 6);
insert into orders (id, table_number) values (250, 9);
insert into orders (id, table_number) values (251, 147);
insert into orders (id, table_number) values (252, 166);
insert into orders (id, table_number) values (253, 3);
insert into orders (id, table_number) values (254, 52);
insert into orders (id, table_number) values (255, 39);
insert into orders (id, table_number) values (256, 95);
insert into orders (id, table_number) values (257, 65);
insert into orders (id, table_number) values (258, 33);
insert into orders (id, table_number) values (259, 124);
insert into orders (id, table_number) values (260, 20);
insert into orders (id, table_number) values (261, 161);
insert into orders (id, table_number) values (262, 181);
insert into orders (id, table_number) values (263, 89);
insert into orders (id, table_number) values (264, 100);
insert into orders (id, table_number) values (265, 123);
insert into orders (id, table_number) values (266, 127);
insert into orders (id, table_number) values (267, 13);
insert into orders (id, table_number) values (268, 63);
insert into orders (id, table_number) values (269, 138);
insert into orders (id, table_number) values (270, 4);
insert into orders (id, table_number) values (271, 173);
insert into orders (id, table_number) values (272, 62);
insert into orders (id, table_number) values (273, 129);
insert into orders (id, table_number) values (274, 90);
insert into orders (id, table_number) values (275, 115);
insert into orders (id, table_number) values (276, 60);
insert into orders (id, table_number) values (277, 123);
insert into orders (id, table_number) values (278, 23);
insert into orders (id, table_number) values (279, 84);
insert into orders (id, table_number) values (280, 121);
insert into orders (id, table_number) values (281, 135);
insert into orders (id, table_number) values (282, 118);
insert into orders (id, table_number) values (283, 169);
insert into orders (id, table_number) values (284, 130);
insert into orders (id, table_number) values (285, 177);
insert into orders (id, table_number) values (286, 192);
insert into orders (id, table_number) values (287, 44);
insert into orders (id, table_number) values (288, 35);
insert into orders (id, table_number) values (289, 54);
insert into orders (id, table_number) values (290, 177);
insert into orders (id, table_number) values (291, 67);
insert into orders (id, table_number) values (292, 196);
insert into orders (id, table_number) values (293, 46);
insert into orders (id, table_number) values (294, 186);
insert into orders (id, table_number) values (295, 99);
insert into orders (id, table_number) values (296, 114);
insert into orders (id, table_number) values (297, 23);
insert into orders (id, table_number) values (298, 21);
insert into orders (id, table_number) values (299, 53);
insert into orders (id, table_number) values (300, 2);
insert into orders (id, table_number) values (301, 170);
insert into orders (id, table_number) values (302, 136);
insert into orders (id, table_number) values (303, 134);
insert into orders (id, table_number) values (304, 74);
insert into orders (id, table_number) values (305, 103);
insert into orders (id, table_number) values (306, 184);
insert into orders (id, table_number) values (307, 10);
insert into orders (id, table_number) values (308, 175);
insert into orders (id, table_number) values (309, 5);
insert into orders (id, table_number) values (310, 108);
insert into orders (id, table_number) values (311, 93);
insert into orders (id, table_number) values (312, 143);
insert into orders (id, table_number) values (313, 55);
insert into orders (id, table_number) values (314, 163);
insert into orders (id, table_number) values (315, 40);
insert into orders (id, table_number) values (316, 10);
insert into orders (id, table_number) values (317, 197);
insert into orders (id, table_number) values (318, 145);
insert into orders (id, table_number) values (319, 123);
insert into orders (id, table_number) values (320, 170);
insert into orders (id, table_number) values (321, 149);
insert into orders (id, table_number) values (322, 29);
insert into orders (id, table_number) values (323, 175);
insert into orders (id, table_number) values (324, 42);
insert into orders (id, table_number) values (325, 157);
insert into orders (id, table_number) values (326, 65);
insert into orders (id, table_number) values (327, 141);
insert into orders (id, table_number) values (328, 68);
insert into orders (id, table_number) values (329, 183);
insert into orders (id, table_number) values (330, 73);
insert into orders (id, table_number) values (331, 70);
insert into orders (id, table_number) values (332, 101);
insert into orders (id, table_number) values (333, 42);
insert into orders (id, table_number) values (334, 116);
insert into orders (id, table_number) values (335, 92);
insert into orders (id, table_number) values (336, 55);
insert into orders (id, table_number) values (337, 103);
insert into orders (id, table_number) values (338, 91);
insert into orders (id, table_number) values (339, 2);
insert into orders (id, table_number) values (340, 73);
insert into orders (id, table_number) values (341, 135);
insert into orders (id, table_number) values (342, 160);
insert into orders (id, table_number) values (343, 126);
insert into orders (id, table_number) values (344, 8);
insert into orders (id, table_number) values (345, 1);
insert into orders (id, table_number) values (346, 58);
insert into orders (id, table_number) values (347, 22);
insert into orders (id, table_number) values (348, 78);
insert into orders (id, table_number) values (349, 140);
insert into orders (id, table_number) values (350, 26);
insert into orders (id, table_number) values (351, 36);
insert into orders (id, table_number) values (352, 173);
insert into orders (id, table_number) values (353, 9);
insert into orders (id, table_number) values (354, 115);
insert into orders (id, table_number) values (355, 36);
insert into orders (id, table_number) values (356, 185);
insert into orders (id, table_number) values (357, 47);
insert into orders (id, table_number) values (358, 181);
insert into orders (id, table_number) values (359, 130);
insert into orders (id, table_number) values (360, 4);
insert into orders (id, table_number) values (361, 170);
insert into orders (id, table_number) values (362, 62);
insert into orders (id, table_number) values (363, 31);
insert into orders (id, table_number) values (364, 121);
insert into orders (id, table_number) values (365, 68);
insert into orders (id, table_number) values (366, 173);
insert into orders (id, table_number) values (367, 11);
insert into orders (id, table_number) values (368, 14);
insert into orders (id, table_number) values (369, 45);
insert into orders (id, table_number) values (370, 38);
insert into orders (id, table_number) values (371, 172);
insert into orders (id, table_number) values (372, 158);
insert into orders (id, table_number) values (373, 122);
insert into orders (id, table_number) values (374, 8);
insert into orders (id, table_number) values (375, 71);
insert into orders (id, table_number) values (376, 79);
insert into orders (id, table_number) values (377, 186);
insert into orders (id, table_number) values (378, 193);
insert into orders (id, table_number) values (379, 88);
insert into orders (id, table_number) values (380, 92);
insert into orders (id, table_number) values (381, 53);
insert into orders (id, table_number) values (382, 186);
insert into orders (id, table_number) values (383, 135);
insert into orders (id, table_number) values (384, 78);
insert into orders (id, table_number) values (385, 10);
insert into orders (id, table_number) values (386, 186);
insert into orders (id, table_number) values (387, 176);
insert into orders (id, table_number) values (388, 2);
insert into orders (id, table_number) values (389, 18);
insert into orders (id, table_number) values (390, 4);
insert into orders (id, table_number) values (391, 162);
insert into orders (id, table_number) values (392, 57);
insert into orders (id, table_number) values (393, 149);
insert into orders (id, table_number) values (394, 14);
insert into orders (id, table_number) values (395, 168);
insert into orders (id, table_number) values (396, 131);
insert into orders (id, table_number) values (397, 87);
insert into orders (id, table_number) values (398, 147);
insert into orders (id, table_number) values (399, 104);
insert into orders (id, table_number) values (400, 15);
insert into orders (id, table_number) values (401, 94);
insert into orders (id, table_number) values (402, 184);
insert into orders (id, table_number) values (403, 185);
insert into orders (id, table_number) values (404, 178);
insert into orders (id, table_number) values (405, 53);
insert into orders (id, table_number) values (406, 87);
insert into orders (id, table_number) values (407, 184);
insert into orders (id, table_number) values (408, 41);
insert into orders (id, table_number) values (409, 9);
insert into orders (id, table_number) values (410, 27);
insert into orders (id, table_number) values (411, 74);
insert into orders (id, table_number) values (412, 80);
insert into orders (id, table_number) values (413, 81);
insert into orders (id, table_number) values (414, 124);
insert into orders (id, table_number) values (415, 116);
insert into orders (id, table_number) values (416, 97);
insert into orders (id, table_number) values (417, 19);
insert into orders (id, table_number) values (418, 50);
insert into orders (id, table_number) values (419, 154);
insert into orders (id, table_number) values (420, 2);
insert into orders (id, table_number) values (421, 86);
insert into orders (id, table_number) values (422, 8);
insert into orders (id, table_number) values (423, 108);
insert into orders (id, table_number) values (424, 166);
insert into orders (id, table_number) values (425, 90);
insert into orders (id, table_number) values (426, 8);
insert into orders (id, table_number) values (427, 24);
insert into orders (id, table_number) values (428, 60);
insert into orders (id, table_number) values (429, 61);
insert into orders (id, table_number) values (430, 150);
insert into orders (id, table_number) values (431, 96);
insert into orders (id, table_number) values (432, 64);
insert into orders (id, table_number) values (433, 58);
insert into orders (id, table_number) values (434, 182);
insert into orders (id, table_number) values (435, 85);
insert into orders (id, table_number) values (436, 197);
insert into orders (id, table_number) values (437, 176);
insert into orders (id, table_number) values (438, 148);
insert into orders (id, table_number) values (439, 117);
insert into orders (id, table_number) values (440, 31);
insert into orders (id, table_number) values (441, 166);
insert into orders (id, table_number) values (442, 111);
insert into orders (id, table_number) values (443, 103);
insert into orders (id, table_number) values (444, 124);
insert into orders (id, table_number) values (445, 43);
insert into orders (id, table_number) values (446, 79);
insert into orders (id, table_number) values (447, 155);
insert into orders (id, table_number) values (448, 1);
insert into orders (id, table_number) values (449, 139);
insert into orders (id, table_number) values (450, 88);
insert into orders (id, table_number) values (451, 2);
insert into orders (id, table_number) values (452, 142);
insert into orders (id, table_number) values (453, 145);
insert into orders (id, table_number) values (454, 99);
insert into orders (id, table_number) values (455, 161);
insert into orders (id, table_number) values (456, 40);
insert into orders (id, table_number) values (457, 17);
insert into orders (id, table_number) values (458, 152);
insert into orders (id, table_number) values (459, 63);
insert into orders (id, table_number) values (460, 8);
insert into orders (id, table_number) values (461, 18);
insert into orders (id, table_number) values (462, 60);
insert into orders (id, table_number) values (463, 166);
insert into orders (id, table_number) values (464, 185);
insert into orders (id, table_number) values (465, 133);
insert into orders (id, table_number) values (466, 16);
insert into orders (id, table_number) values (467, 163);
insert into orders (id, table_number) values (468, 158);
insert into orders (id, table_number) values (469, 180);
insert into orders (id, table_number) values (470, 153);
insert into orders (id, table_number) values (471, 149);
insert into orders (id, table_number) values (472, 138);
insert into orders (id, table_number) values (473, 8);
insert into orders (id, table_number) values (474, 46);
insert into orders (id, table_number) values (475, 20);
insert into orders (id, table_number) values (476, 135);
insert into orders (id, table_number) values (477, 191);
insert into orders (id, table_number) values (478, 122);
insert into orders (id, table_number) values (479, 81);
insert into orders (id, table_number) values (480, 66);
insert into orders (id, table_number) values (481, 60);
insert into orders (id, table_number) values (482, 2);
insert into orders (id, table_number) values (483, 187);
insert into orders (id, table_number) values (484, 12);
insert into orders (id, table_number) values (485, 126);
insert into orders (id, table_number) values (486, 66);
insert into orders (id, table_number) values (487, 32);
insert into orders (id, table_number) values (488, 111);
insert into orders (id, table_number) values (489, 68);
insert into orders (id, table_number) values (490, 195);
insert into orders (id, table_number) values (491, 195);
insert into orders (id, table_number) values (492, 61);
insert into orders (id, table_number) values (493, 78);
insert into orders (id, table_number) values (494, 196);
insert into orders (id, table_number) values (495, 10);
insert into orders (id, table_number) values (496, 61);
insert into orders (id, table_number) values (497, 70);
insert into orders (id, table_number) values (498, 21);
insert into orders (id, table_number) values (499, 21);
insert into orders (id, table_number) values (500, 178);
insert into orders (id, table_number) values (501, 59);
insert into orders (id, table_number) values (502, 32);
insert into orders (id, table_number) values (503, 118);
insert into orders (id, table_number) values (504, 109);
insert into orders (id, table_number) values (505, 184);
insert into orders (id, table_number) values (506, 93);
insert into orders (id, table_number) values (507, 199);
insert into orders (id, table_number) values (508, 181);
insert into orders (id, table_number) values (509, 99);
insert into orders (id, table_number) values (510, 96);
insert into orders (id, table_number) values (511, 113);
insert into orders (id, table_number) values (512, 1);
insert into orders (id, table_number) values (513, 168);
insert into orders (id, table_number) values (514, 179);
insert into orders (id, table_number) values (515, 150);
insert into orders (id, table_number) values (516, 113);
insert into orders (id, table_number) values (517, 48);
insert into orders (id, table_number) values (518, 76);
insert into orders (id, table_number) values (519, 127);
insert into orders (id, table_number) values (520, 192);
insert into orders (id, table_number) values (521, 49);
insert into orders (id, table_number) values (522, 18);
insert into orders (id, table_number) values (523, 97);
insert into orders (id, table_number) values (524, 194);
insert into orders (id, table_number) values (525, 191);
insert into orders (id, table_number) values (526, 31);
insert into orders (id, table_number) values (527, 14);
insert into orders (id, table_number) values (528, 164);
insert into orders (id, table_number) values (529, 198);
insert into orders (id, table_number) values (530, 163);
insert into orders (id, table_number) values (531, 88);
insert into orders (id, table_number) values (532, 99);
insert into orders (id, table_number) values (533, 174);
insert into orders (id, table_number) values (534, 114);
insert into orders (id, table_number) values (535, 71);
insert into orders (id, table_number) values (536, 184);
insert into orders (id, table_number) values (537, 105);
insert into orders (id, table_number) values (538, 149);
insert into orders (id, table_number) values (539, 61);
insert into orders (id, table_number) values (540, 150);
insert into orders (id, table_number) values (541, 198);
insert into orders (id, table_number) values (542, 200);
insert into orders (id, table_number) values (543, 147);
insert into orders (id, table_number) values (544, 77);
insert into orders (id, table_number) values (545, 126);
insert into orders (id, table_number) values (546, 72);
insert into orders (id, table_number) values (547, 146);
insert into orders (id, table_number) values (548, 105);
insert into orders (id, table_number) values (549, 51);
insert into orders (id, table_number) values (550, 104);
insert into orders (id, table_number) values (551, 96);
insert into orders (id, table_number) values (552, 1);
insert into orders (id, table_number) values (553, 100);
insert into orders (id, table_number) values (554, 9);
insert into orders (id, table_number) values (555, 172);
insert into orders (id, table_number) values (556, 178);
insert into orders (id, table_number) values (557, 190);
insert into orders (id, table_number) values (558, 51);
insert into orders (id, table_number) values (559, 29);
insert into orders (id, table_number) values (560, 134);
insert into orders (id, table_number) values (561, 172);
insert into orders (id, table_number) values (562, 92);
insert into orders (id, table_number) values (563, 192);
insert into orders (id, table_number) values (564, 25);
insert into orders (id, table_number) values (565, 154);
insert into orders (id, table_number) values (566, 25);
insert into orders (id, table_number) values (567, 154);
insert into orders (id, table_number) values (568, 54);
insert into orders (id, table_number) values (569, 96);
insert into orders (id, table_number) values (570, 50);
insert into orders (id, table_number) values (571, 17);
insert into orders (id, table_number) values (572, 165);
insert into orders (id, table_number) values (573, 71);
insert into orders (id, table_number) values (574, 127);
insert into orders (id, table_number) values (575, 88);
insert into orders (id, table_number) values (576, 120);
insert into orders (id, table_number) values (577, 161);
insert into orders (id, table_number) values (578, 81);
insert into orders (id, table_number) values (579, 140);
insert into orders (id, table_number) values (580, 72);
insert into orders (id, table_number) values (581, 164);
insert into orders (id, table_number) values (582, 199);
insert into orders (id, table_number) values (583, 56);
insert into orders (id, table_number) values (584, 88);
insert into orders (id, table_number) values (585, 57);
insert into orders (id, table_number) values (586, 179);
insert into orders (id, table_number) values (587, 112);
insert into orders (id, table_number) values (588, 80);
insert into orders (id, table_number) values (589, 121);
insert into orders (id, table_number) values (590, 50);
insert into orders (id, table_number) values (591, 127);
insert into orders (id, table_number) values (592, 185);
insert into orders (id, table_number) values (593, 147);
insert into orders (id, table_number) values (594, 50);
insert into orders (id, table_number) values (595, 93);
insert into orders (id, table_number) values (596, 199);
insert into orders (id, table_number) values (597, 151);
insert into orders (id, table_number) values (598, 73);
insert into orders (id, table_number) values (599, 36);
insert into orders (id, table_number) values (600, 113);
insert into orders (id, table_number) values (601, 140);
insert into orders (id, table_number) values (602, 43);
insert into orders (id, table_number) values (603, 39);
insert into orders (id, table_number) values (604, 126);
insert into orders (id, table_number) values (605, 142);
insert into orders (id, table_number) values (606, 181);
insert into orders (id, table_number) values (607, 33);
insert into orders (id, table_number) values (608, 39);
insert into orders (id, table_number) values (609, 56);
insert into orders (id, table_number) values (610, 98);
insert into orders (id, table_number) values (611, 152);
insert into orders (id, table_number) values (612, 200);
insert into orders (id, table_number) values (613, 199);
insert into orders (id, table_number) values (614, 92);
insert into orders (id, table_number) values (615, 189);
insert into orders (id, table_number) values (616, 143);
insert into orders (id, table_number) values (617, 161);
insert into orders (id, table_number) values (618, 196);
insert into orders (id, table_number) values (619, 161);
insert into orders (id, table_number) values (620, 52);
insert into orders (id, table_number) values (621, 167);
insert into orders (id, table_number) values (622, 71);
insert into orders (id, table_number) values (623, 191);
insert into orders (id, table_number) values (624, 67);
insert into orders (id, table_number) values (625, 171);
insert into orders (id, table_number) values (626, 105);
insert into orders (id, table_number) values (627, 98);
insert into orders (id, table_number) values (628, 180);
insert into orders (id, table_number) values (629, 175);
insert into orders (id, table_number) values (630, 181);
insert into orders (id, table_number) values (631, 181);
insert into orders (id, table_number) values (632, 128);
insert into orders (id, table_number) values (633, 150);
insert into orders (id, table_number) values (634, 36);
insert into orders (id, table_number) values (635, 139);
insert into orders (id, table_number) values (636, 108);
insert into orders (id, table_number) values (637, 77);
insert into orders (id, table_number) values (638, 6);
insert into orders (id, table_number) values (639, 152);
insert into orders (id, table_number) values (640, 32);
insert into orders (id, table_number) values (641, 133);
insert into orders (id, table_number) values (642, 135);
insert into orders (id, table_number) values (643, 119);
insert into orders (id, table_number) values (644, 168);
insert into orders (id, table_number) values (645, 97);
insert into orders (id, table_number) values (646, 150);
insert into orders (id, table_number) values (647, 8);
insert into orders (id, table_number) values (648, 97);
insert into orders (id, table_number) values (649, 61);
insert into orders (id, table_number) values (650, 63);
insert into orders (id, table_number) values (651, 75);
insert into orders (id, table_number) values (652, 63);
insert into orders (id, table_number) values (653, 45);
insert into orders (id, table_number) values (654, 57);
insert into orders (id, table_number) values (655, 117);
insert into orders (id, table_number) values (656, 193);
insert into orders (id, table_number) values (657, 63);
insert into orders (id, table_number) values (658, 10);
insert into orders (id, table_number) values (659, 81);
insert into orders (id, table_number) values (660, 110);
insert into orders (id, table_number) values (661, 82);
insert into orders (id, table_number) values (662, 72);
insert into orders (id, table_number) values (663, 34);
insert into orders (id, table_number) values (664, 172);
insert into orders (id, table_number) values (665, 168);
insert into orders (id, table_number) values (666, 112);
insert into orders (id, table_number) values (667, 112);
insert into orders (id, table_number) values (668, 12);
insert into orders (id, table_number) values (669, 98);
insert into orders (id, table_number) values (670, 132);
insert into orders (id, table_number) values (671, 197);
insert into orders (id, table_number) values (672, 140);
insert into orders (id, table_number) values (673, 177);
insert into orders (id, table_number) values (674, 73);
insert into orders (id, table_number) values (675, 48);
insert into orders (id, table_number) values (676, 164);
insert into orders (id, table_number) values (677, 25);
insert into orders (id, table_number) values (678, 108);
insert into orders (id, table_number) values (679, 184);
insert into orders (id, table_number) values (680, 85);
insert into orders (id, table_number) values (681, 159);
insert into orders (id, table_number) values (682, 119);
insert into orders (id, table_number) values (683, 74);
insert into orders (id, table_number) values (684, 93);
insert into orders (id, table_number) values (685, 55);
insert into orders (id, table_number) values (686, 17);
insert into orders (id, table_number) values (687, 21);
insert into orders (id, table_number) values (688, 69);
insert into orders (id, table_number) values (689, 30);
insert into orders (id, table_number) values (690, 86);
insert into orders (id, table_number) values (691, 33);
insert into orders (id, table_number) values (692, 119);
insert into orders (id, table_number) values (693, 111);
insert into orders (id, table_number) values (694, 154);
insert into orders (id, table_number) values (695, 88);
insert into orders (id, table_number) values (696, 136);
insert into orders (id, table_number) values (697, 95);
insert into orders (id, table_number) values (698, 61);
insert into orders (id, table_number) values (699, 24);
insert into orders (id, table_number) values (700, 103);
insert into orders (id, table_number) values (701, 42);
insert into orders (id, table_number) values (702, 192);
insert into orders (id, table_number) values (703, 154);
insert into orders (id, table_number) values (704, 50);
insert into orders (id, table_number) values (705, 19);
insert into orders (id, table_number) values (706, 159);
insert into orders (id, table_number) values (707, 154);
insert into orders (id, table_number) values (708, 168);
insert into orders (id, table_number) values (709, 94);
insert into orders (id, table_number) values (710, 109);
insert into orders (id, table_number) values (711, 12);
insert into orders (id, table_number) values (712, 129);
insert into orders (id, table_number) values (713, 14);
insert into orders (id, table_number) values (714, 31);
insert into orders (id, table_number) values (715, 18);
insert into orders (id, table_number) values (716, 125);
insert into orders (id, table_number) values (717, 141);
insert into orders (id, table_number) values (718, 68);
insert into orders (id, table_number) values (719, 122);
insert into orders (id, table_number) values (720, 27);
insert into orders (id, table_number) values (721, 21);
insert into orders (id, table_number) values (722, 3);
insert into orders (id, table_number) values (723, 7);
insert into orders (id, table_number) values (724, 188);
insert into orders (id, table_number) values (725, 114);
insert into orders (id, table_number) values (726, 71);
insert into orders (id, table_number) values (727, 46);
insert into orders (id, table_number) values (728, 2);
insert into orders (id, table_number) values (729, 16);
insert into orders (id, table_number) values (730, 11);
insert into orders (id, table_number) values (731, 35);
insert into orders (id, table_number) values (732, 15);
insert into orders (id, table_number) values (733, 90);
insert into orders (id, table_number) values (734, 8);
insert into orders (id, table_number) values (735, 106);
insert into orders (id, table_number) values (736, 191);
insert into orders (id, table_number) values (737, 30);
insert into orders (id, table_number) values (738, 184);
insert into orders (id, table_number) values (739, 125);
insert into orders (id, table_number) values (740, 180);
insert into orders (id, table_number) values (741, 42);
insert into orders (id, table_number) values (742, 95);
insert into orders (id, table_number) values (743, 142);
insert into orders (id, table_number) values (744, 131);
insert into orders (id, table_number) values (745, 33);
insert into orders (id, table_number) values (746, 13);
insert into orders (id, table_number) values (747, 92);
insert into orders (id, table_number) values (748, 128);
insert into orders (id, table_number) values (749, 170);
insert into orders (id, table_number) values (750, 78);
insert into orders (id, table_number) values (751, 22);
insert into orders (id, table_number) values (752, 33);
insert into orders (id, table_number) values (753, 175);
insert into orders (id, table_number) values (754, 13);
insert into orders (id, table_number) values (755, 151);
insert into orders (id, table_number) values (756, 108);
insert into orders (id, table_number) values (757, 30);
insert into orders (id, table_number) values (758, 34);
insert into orders (id, table_number) values (759, 3);
insert into orders (id, table_number) values (760, 115);
insert into orders (id, table_number) values (761, 200);
insert into orders (id, table_number) values (762, 17);
insert into orders (id, table_number) values (763, 10);
insert into orders (id, table_number) values (764, 44);
insert into orders (id, table_number) values (765, 156);
insert into orders (id, table_number) values (766, 172);
insert into orders (id, table_number) values (767, 52);
insert into orders (id, table_number) values (768, 63);
insert into orders (id, table_number) values (769, 97);
insert into orders (id, table_number) values (770, 124);
insert into orders (id, table_number) values (771, 26);
insert into orders (id, table_number) values (772, 152);
insert into orders (id, table_number) values (773, 4);
insert into orders (id, table_number) values (774, 51);
insert into orders (id, table_number) values (775, 173);
insert into orders (id, table_number) values (776, 68);
insert into orders (id, table_number) values (777, 166);
insert into orders (id, table_number) values (778, 114);
insert into orders (id, table_number) values (779, 43);
insert into orders (id, table_number) values (780, 117);
insert into orders (id, table_number) values (781, 65);
insert into orders (id, table_number) values (782, 126);
insert into orders (id, table_number) values (783, 109);
insert into orders (id, table_number) values (784, 43);
insert into orders (id, table_number) values (785, 154);
insert into orders (id, table_number) values (786, 192);
insert into orders (id, table_number) values (787, 24);
insert into orders (id, table_number) values (788, 175);
insert into orders (id, table_number) values (789, 31);
insert into orders (id, table_number) values (790, 73);
insert into orders (id, table_number) values (791, 179);
insert into orders (id, table_number) values (792, 192);
insert into orders (id, table_number) values (793, 197);
insert into orders (id, table_number) values (794, 119);
insert into orders (id, table_number) values (795, 141);
insert into orders (id, table_number) values (796, 146);
insert into orders (id, table_number) values (797, 7);
insert into orders (id, table_number) values (798, 163);
insert into orders (id, table_number) values (799, 194);
insert into orders (id, table_number) values (800, 57);
insert into orders (id, table_number) values (801, 30);
insert into orders (id, table_number) values (802, 175);
insert into orders (id, table_number) values (803, 139);
insert into orders (id, table_number) values (804, 3);
insert into orders (id, table_number) values (805, 131);
insert into orders (id, table_number) values (806, 47);
insert into orders (id, table_number) values (807, 131);
insert into orders (id, table_number) values (808, 9);
insert into orders (id, table_number) values (809, 150);
insert into orders (id, table_number) values (810, 91);
insert into orders (id, table_number) values (811, 69);
insert into orders (id, table_number) values (812, 162);
insert into orders (id, table_number) values (813, 185);
insert into orders (id, table_number) values (814, 180);
insert into orders (id, table_number) values (815, 148);
insert into orders (id, table_number) values (816, 115);
insert into orders (id, table_number) values (817, 18);
insert into orders (id, table_number) values (818, 125);
insert into orders (id, table_number) values (819, 50);
insert into orders (id, table_number) values (820, 107);
insert into orders (id, table_number) values (821, 173);
insert into orders (id, table_number) values (822, 157);
insert into orders (id, table_number) values (823, 127);
insert into orders (id, table_number) values (824, 79);
insert into orders (id, table_number) values (825, 149);
insert into orders (id, table_number) values (826, 169);
insert into orders (id, table_number) values (827, 127);
insert into orders (id, table_number) values (828, 67);
insert into orders (id, table_number) values (829, 200);
insert into orders (id, table_number) values (830, 117);
insert into orders (id, table_number) values (831, 189);
insert into orders (id, table_number) values (832, 27);
insert into orders (id, table_number) values (833, 80);
insert into orders (id, table_number) values (834, 113);
insert into orders (id, table_number) values (835, 153);
insert into orders (id, table_number) values (836, 179);
insert into orders (id, table_number) values (837, 45);
insert into orders (id, table_number) values (838, 13);
insert into orders (id, table_number) values (839, 1);
insert into orders (id, table_number) values (840, 110);
insert into orders (id, table_number) values (841, 119);
insert into orders (id, table_number) values (842, 55);
insert into orders (id, table_number) values (843, 130);
insert into orders (id, table_number) values (844, 19);
insert into orders (id, table_number) values (845, 59);
insert into orders (id, table_number) values (846, 71);
insert into orders (id, table_number) values (847, 127);
insert into orders (id, table_number) values (848, 39);
insert into orders (id, table_number) values (849, 19);
insert into orders (id, table_number) values (850, 121);
insert into orders (id, table_number) values (851, 156);
insert into orders (id, table_number) values (852, 43);
insert into orders (id, table_number) values (853, 26);
insert into orders (id, table_number) values (854, 86);
insert into orders (id, table_number) values (855, 84);
insert into orders (id, table_number) values (856, 118);
insert into orders (id, table_number) values (857, 3);
insert into orders (id, table_number) values (858, 1);
insert into orders (id, table_number) values (859, 45);
insert into orders (id, table_number) values (860, 177);
insert into orders (id, table_number) values (861, 166);
insert into orders (id, table_number) values (862, 191);
insert into orders (id, table_number) values (863, 149);
insert into orders (id, table_number) values (864, 33);
insert into orders (id, table_number) values (865, 191);
insert into orders (id, table_number) values (866, 82);
insert into orders (id, table_number) values (867, 31);
insert into orders (id, table_number) values (868, 124);
insert into orders (id, table_number) values (869, 139);
insert into orders (id, table_number) values (870, 189);
insert into orders (id, table_number) values (871, 182);
insert into orders (id, table_number) values (872, 182);
insert into orders (id, table_number) values (873, 78);
insert into orders (id, table_number) values (874, 188);
insert into orders (id, table_number) values (875, 146);
insert into orders (id, table_number) values (876, 83);
insert into orders (id, table_number) values (877, 63);
insert into orders (id, table_number) values (878, 33);
insert into orders (id, table_number) values (879, 88);
insert into orders (id, table_number) values (880, 27);
insert into orders (id, table_number) values (881, 181);
insert into orders (id, table_number) values (882, 14);
insert into orders (id, table_number) values (883, 74);
insert into orders (id, table_number) values (884, 91);
insert into orders (id, table_number) values (885, 180);
insert into orders (id, table_number) values (886, 92);
insert into orders (id, table_number) values (887, 73);
insert into orders (id, table_number) values (888, 145);
insert into orders (id, table_number) values (889, 111);
insert into orders (id, table_number) values (890, 60);
insert into orders (id, table_number) values (891, 200);
insert into orders (id, table_number) values (892, 32);
insert into orders (id, table_number) values (893, 13);
insert into orders (id, table_number) values (894, 141);
insert into orders (id, table_number) values (895, 175);
insert into orders (id, table_number) values (896, 119);
insert into orders (id, table_number) values (897, 139);
insert into orders (id, table_number) values (898, 131);
insert into orders (id, table_number) values (899, 194);
insert into orders (id, table_number) values (900, 106);
insert into orders (id, table_number) values (901, 116);
insert into orders (id, table_number) values (902, 138);
insert into orders (id, table_number) values (903, 159);
insert into orders (id, table_number) values (904, 134);
insert into orders (id, table_number) values (905, 186);
insert into orders (id, table_number) values (906, 101);
insert into orders (id, table_number) values (907, 173);
insert into orders (id, table_number) values (908, 137);
insert into orders (id, table_number) values (909, 13);
insert into orders (id, table_number) values (910, 160);
insert into orders (id, table_number) values (911, 142);
insert into orders (id, table_number) values (912, 109);
insert into orders (id, table_number) values (913, 137);
insert into orders (id, table_number) values (914, 73);
insert into orders (id, table_number) values (915, 162);
insert into orders (id, table_number) values (916, 129);
insert into orders (id, table_number) values (917, 133);
insert into orders (id, table_number) values (918, 42);
insert into orders (id, table_number) values (919, 123);
insert into orders (id, table_number) values (920, 3);
insert into orders (id, table_number) values (921, 176);
insert into orders (id, table_number) values (922, 58);
insert into orders (id, table_number) values (923, 57);
insert into orders (id, table_number) values (924, 38);
insert into orders (id, table_number) values (925, 21);
insert into orders (id, table_number) values (926, 156);
insert into orders (id, table_number) values (927, 15);
insert into orders (id, table_number) values (928, 73);
insert into orders (id, table_number) values (929, 188);
insert into orders (id, table_number) values (930, 10);
insert into orders (id, table_number) values (931, 163);
insert into orders (id, table_number) values (932, 58);
insert into orders (id, table_number) values (933, 32);
insert into orders (id, table_number) values (934, 86);
insert into orders (id, table_number) values (935, 162);
insert into orders (id, table_number) values (936, 131);
insert into orders (id, table_number) values (937, 72);
insert into orders (id, table_number) values (938, 163);
insert into orders (id, table_number) values (939, 165);
insert into orders (id, table_number) values (940, 95);
insert into orders (id, table_number) values (941, 114);
insert into orders (id, table_number) values (942, 126);
insert into orders (id, table_number) values (943, 79);
insert into orders (id, table_number) values (944, 73);
insert into orders (id, table_number) values (945, 200);
insert into orders (id, table_number) values (946, 102);
insert into orders (id, table_number) values (947, 47);
insert into orders (id, table_number) values (948, 127);
insert into orders (id, table_number) values (949, 21);
insert into orders (id, table_number) values (950, 149);
insert into orders (id, table_number) values (951, 61);
insert into orders (id, table_number) values (952, 69);
insert into orders (id, table_number) values (953, 190);
insert into orders (id, table_number) values (954, 18);
insert into orders (id, table_number) values (955, 151);
insert into orders (id, table_number) values (956, 31);
insert into orders (id, table_number) values (957, 199);
insert into orders (id, table_number) values (958, 146);
insert into orders (id, table_number) values (959, 132);
insert into orders (id, table_number) values (960, 147);
insert into orders (id, table_number) values (961, 4);
insert into orders (id, table_number) values (962, 171);
insert into orders (id, table_number) values (963, 69);
insert into orders (id, table_number) values (964, 156);
insert into orders (id, table_number) values (965, 150);
insert into orders (id, table_number) values (966, 109);
insert into orders (id, table_number) values (967, 165);
insert into orders (id, table_number) values (968, 80);
insert into orders (id, table_number) values (969, 113);
insert into orders (id, table_number) values (970, 172);
insert into orders (id, table_number) values (971, 137);
insert into orders (id, table_number) values (972, 114);
insert into orders (id, table_number) values (973, 32);
insert into orders (id, table_number) values (974, 124);
insert into orders (id, table_number) values (975, 72);
insert into orders (id, table_number) values (976, 37);
insert into orders (id, table_number) values (977, 192);
insert into orders (id, table_number) values (978, 173);
insert into orders (id, table_number) values (979, 185);
insert into orders (id, table_number) values (980, 22);
insert into orders (id, table_number) values (981, 176);
insert into orders (id, table_number) values (982, 114);
insert into orders (id, table_number) values (983, 100);
insert into orders (id, table_number) values (984, 11);
insert into orders (id, table_number) values (985, 94);
insert into orders (id, table_number) values (986, 128);
insert into orders (id, table_number) values (987, 118);
insert into orders (id, table_number) values (988, 77);
insert into orders (id, table_number) values (989, 120);
insert into orders (id, table_number) values (990, 83);
insert into orders (id, table_number) values (991, 2);
insert into orders (id, table_number) values (992, 145);
insert into orders (id, table_number) values (993, 139);
insert into orders (id, table_number) values (994, 105);
insert into orders (id, table_number) values (995, 36);
insert into orders (id, table_number) values (996, 32);
insert into orders (id, table_number) values (997, 183);
insert into orders (id, table_number) values (998, 150);
insert into orders (id, table_number) values (999, 28);
insert into orders (id, table_number) values (1000, 175);

insert into dishes (id, name) values (1, 'DIDANOSINE');
insert into dishes (id, name) values (2, 'Rhus toxicodendron');
insert into dishes (id, name) values (3, 'Diazepam');
insert into dishes (id, name) values (4, 'Oxytrol For Women');
insert into dishes (id, name) values (5, 'CD DiorSkin Forever');
insert into dishes (id, name) values (6, 'Glycopyrrolate');
insert into dishes (id, name) values (7, 'Multi-Vitamin With Fluoride');
insert into dishes (id, name) values (8, 'formucare naproxen sodium');
insert into dishes (id, name) values (9, 'Grain and Seed Antigens');
insert into dishes (id, name) values (10, 'Epi-Clenz Instant Hand Antiseptic');
insert into dishes (id, name) values (11, 'Quercetin');
insert into dishes (id, name) values (12, 'Head and Shoulders');
insert into dishes (id, name) values (13, 'Neutrogena MoistureShine SPF20');
insert into dishes (id, name) values (14, 'Head and Shoulders');
insert into dishes (id, name) values (15, 'Direct Safety Ibuprofen');
insert into dishes (id, name) values (16, 'TALL OAT GRASS POLLEN');
insert into dishes (id, name) values (17, 'GUNA-IL 3');
insert into dishes (id, name) values (18, 'SHISEIDO ADVANCED');
insert into dishes (id, name) values (19, 'Bodycology');
insert into dishes (id, name) values (20, 'LeThechniq Dandruff');
insert into dishes (id, name) values (21, 'Spatheraphy');
insert into dishes (id, name) values (22, 'Lipitor');
insert into dishes (id, name) values (23, 'Junior Strength Acetaminophen');
insert into dishes (id, name) values (24, 'DayTime Cold Flu Non-Drowsy');
insert into dishes (id, name) values (25, 'dayhist allergy');
insert into dishes (id, name) values (26, 'ACTIFIRM RECOVERY EYE');
insert into dishes (id, name) values (27, 'SMART SENSE');
insert into dishes (id, name) values (28, 'Triacting Cough and Sore Throat Grape');
insert into dishes (id, name) values (29, 'Everyday Clean');
insert into dishes (id, name) values (30, 'Time Machine BB');
insert into dishes (id, name) values (31, 'Balmex Diaper Rash Stick');
insert into dishes (id, name) values (32, 'SPRYCEL');
insert into dishes (id, name) values (33, 'MINTOX');
insert into dishes (id, name) values (34, 'Piroxicam');
insert into dishes (id, name) values (35, 'Alprazolam');
insert into dishes (id, name) values (36, 'Accupril');
insert into dishes (id, name) values (37, 'Ephed 60');
insert into dishes (id, name) values (38, 'Levothyroxine Sodium');
insert into dishes (id, name) values (39, 'TARINA Fe 1/20');
insert into dishes (id, name) values (40, 'OXYGEN');
insert into dishes (id, name) values (41, 'Omeprazole');
insert into dishes (id, name) values (42, 'MBM 3 Heart-Shock');
insert into dishes (id, name) values (43, 'Highmark Professional');
insert into dishes (id, name) values (44, 'Levothyroxine sodium');
insert into dishes (id, name) values (45, 'Clonazepam');
insert into dishes (id, name) values (46, 'BullFrog Ultimate Sheer');
insert into dishes (id, name) values (47, 'Hydrocortisone Maximum Strength');
insert into dishes (id, name) values (48, 'Amoxicillin');
insert into dishes (id, name) values (49, 'Imari');
insert into dishes (id, name) values (50, 'Herring');
insert into dishes (id, name) values (51, 'ALLERGY');
insert into dishes (id, name) values (52, 'Hydrochlorothiazide');
insert into dishes (id, name) values (53, 'Monoket');
insert into dishes (id, name) values (54, 'DIORSNOW WHITE REVEAL');
insert into dishes (id, name) values (55, 'Povidone-Iodine');
insert into dishes (id, name) values (56, 'PROVIGIL');
insert into dishes (id, name) values (57, 'Bahia Grass');
insert into dishes (id, name) values (58, 'COLLAGEN HD FOUNDATION');
insert into dishes (id, name) values (59, 'Sesame');
insert into dishes (id, name) values (60, 'INSTANT HAND SANITIZER');
insert into dishes (id, name) values (61, 'Prednisone');
insert into dishes (id, name) values (62, 'Pollens - Trees, Olive');
insert into dishes (id, name) values (63, 'XtraCare Antibacterial Hand Cleanse');
insert into dishes (id, name) values (64, 'LE TECHNIQ');
insert into dishes (id, name) values (65, 'Lithium Carbonate');
insert into dishes (id, name) values (66, 'Ivy-Dry Super');
insert into dishes (id, name) values (67, 'Linden');
insert into dishes (id, name) values (68, 'Amlodipine Besylate');
insert into dishes (id, name) values (69, 'ibuprofen');
insert into dishes (id, name) values (70, 'childrens pain relief plus');
insert into dishes (id, name) values (71, 'CEFPROZIL');
insert into dishes (id, name) values (72, 'sinus pressure and congestion relief');
insert into dishes (id, name) values (73, 'Bystolic');
insert into dishes (id, name) values (74, 'Exuviance CoverBlend');
insert into dishes (id, name) values (75, 'Synalar TS');
insert into dishes (id, name) values (76, 'SYLATRON');
insert into dishes (id, name) values (77, 'BACITRACIN');
insert into dishes (id, name) values (78, 'Lovenox');
insert into dishes (id, name) values (79, 'Glycopyrrolate');
insert into dishes (id, name) values (80, 'Always Triple BB');
insert into dishes (id, name) values (81, 'Diltiazem Hydrochloride');
insert into dishes (id, name) values (82, 'Cattle Epithelium');
insert into dishes (id, name) values (83, 'Oxygen');
insert into dishes (id, name) values (84, 'Velvet Grass');
insert into dishes (id, name) values (85, 'Dove Men plus Care');
insert into dishes (id, name) values (86, 'Amoxicillin');
insert into dishes (id, name) values (87, 'Dry Scalp Care');
insert into dishes (id, name) values (88, 'a.c.care Bees Foam Cleanser');
insert into dishes (id, name) values (89, 'Mucinex D');
insert into dishes (id, name) values (90, 'Aveeno Baby Essential Daily');
insert into dishes (id, name) values (91, 'SYNTHROID');
insert into dishes (id, name) values (92, 'Pollens - Trees, Mulberry Mix');
insert into dishes (id, name) values (93, 'Veletri');
insert into dishes (id, name) values (94, 'Polyethylene Glycol-3350');
insert into dishes (id, name) values (95, 'Modesa');
insert into dishes (id, name) values (96, 'Reed Canary Grass');
insert into dishes (id, name) values (97, 'Famciclovir');
insert into dishes (id, name) values (98, 'Oral-B Minute-Foam Bubble Gum');
insert into dishes (id, name) values (99, 'LEVAQUIN');
insert into dishes (id, name) values (100, 'eZFoam Foaming ');

insert into dishes_prices (id, dish_id, price, set_date) values (1, 91, 59.85, '2016-07-12');
insert into dishes_prices (id, dish_id, price, set_date) values (2, 28, 51.15, '2018-04-15');
insert into dishes_prices (id, dish_id, price, set_date) values (3, 18, 84.25, '2017-07-23');
insert into dishes_prices (id, dish_id, price, set_date) values (4, 72, 67.59, '2017-05-12');
insert into dishes_prices (id, dish_id, price, set_date) values (5, 87, 77.67, '2018-02-17');
insert into dishes_prices (id, dish_id, price, set_date) values (6, 67, 37.42, '2016-01-01');
insert into dishes_prices (id, dish_id, price, set_date) values (7, 60, 92.46, '2016-06-15');
insert into dishes_prices (id, dish_id, price, set_date) values (8, 74, 18.86, '2017-08-24');
insert into dishes_prices (id, dish_id, price, set_date) values (9, 3, 41.36, '2016-04-02');
insert into dishes_prices (id, dish_id, price, set_date) values (10, 34, 1.8, '2016-05-02');
insert into dishes_prices (id, dish_id, price, set_date) values (11, 34, 4.44, '2018-01-11');
insert into dishes_prices (id, dish_id, price, set_date) values (12, 30, 47.83, '2018-02-09');
insert into dishes_prices (id, dish_id, price, set_date) values (13, 45, 5.19, '2018-06-15');
insert into dishes_prices (id, dish_id, price, set_date) values (14, 1, 10.38, '2017-07-08');
insert into dishes_prices (id, dish_id, price, set_date) values (15, 11, 90.28, '2017-06-20');
insert into dishes_prices (id, dish_id, price, set_date) values (16, 26, 68.82, '2016-04-07');
insert into dishes_prices (id, dish_id, price, set_date) values (17, 21, 97.11, '2016-03-03');
insert into dishes_prices (id, dish_id, price, set_date) values (18, 23, 30.02, '2016-08-02');
insert into dishes_prices (id, dish_id, price, set_date) values (19, 78, 23.95, '2018-01-13');
insert into dishes_prices (id, dish_id, price, set_date) values (20, 45, 99.57, '2016-11-20');
insert into dishes_prices (id, dish_id, price, set_date) values (21, 29, 35.93, '2016-05-21');
insert into dishes_prices (id, dish_id, price, set_date) values (22, 57, 9.47, '2016-06-17');
insert into dishes_prices (id, dish_id, price, set_date) values (23, 41, 98.74, '2017-02-25');
insert into dishes_prices (id, dish_id, price, set_date) values (24, 89, 77.63, '2017-03-06');
insert into dishes_prices (id, dish_id, price, set_date) values (25, 28, 31.06, '2018-05-28');
insert into dishes_prices (id, dish_id, price, set_date) values (26, 62, 95.63, '2017-07-28');
insert into dishes_prices (id, dish_id, price, set_date) values (27, 77, 95.3, '2016-11-11');
insert into dishes_prices (id, dish_id, price, set_date) values (28, 79, 93.87, '2018-03-16');
insert into dishes_prices (id, dish_id, price, set_date) values (29, 57, 77.9, '2018-01-17');
insert into dishes_prices (id, dish_id, price, set_date) values (30, 48, 74.16, '2017-12-22');
insert into dishes_prices (id, dish_id, price, set_date) values (31, 50, 38.63, '2018-04-27');
insert into dishes_prices (id, dish_id, price, set_date) values (32, 60, 52.72, '2016-10-21');
insert into dishes_prices (id, dish_id, price, set_date) values (33, 95, 50.56, '2018-04-27');
insert into dishes_prices (id, dish_id, price, set_date) values (34, 5, 43.15, '2016-12-14');
insert into dishes_prices (id, dish_id, price, set_date) values (35, 17, 34.22, '2016-02-29');
insert into dishes_prices (id, dish_id, price, set_date) values (36, 75, 58.6, '2018-01-06');
insert into dishes_prices (id, dish_id, price, set_date) values (37, 95, 15.95, '2017-09-27');
insert into dishes_prices (id, dish_id, price, set_date) values (38, 76, 11.26, '2016-01-06');
insert into dishes_prices (id, dish_id, price, set_date) values (39, 44, 99.93, '2017-09-30');
insert into dishes_prices (id, dish_id, price, set_date) values (40, 22, 86.46, '2017-12-31');
insert into dishes_prices (id, dish_id, price, set_date) values (41, 61, 20.47, '2017-11-14');
insert into dishes_prices (id, dish_id, price, set_date) values (42, 19, 53.58, '2016-04-21');
insert into dishes_prices (id, dish_id, price, set_date) values (43, 92, 54.99, '2017-11-01');
insert into dishes_prices (id, dish_id, price, set_date) values (44, 9, 20.02, '2016-05-01');
insert into dishes_prices (id, dish_id, price, set_date) values (45, 10, 2.13, '2016-11-11');
insert into dishes_prices (id, dish_id, price, set_date) values (46, 16, 62.87, '2017-11-22');
insert into dishes_prices (id, dish_id, price, set_date) values (47, 13, 65.88, '2016-09-12');
insert into dishes_prices (id, dish_id, price, set_date) values (48, 27, 4.36, '2016-08-07');
insert into dishes_prices (id, dish_id, price, set_date) values (49, 61, 84.15, '2016-07-22');
insert into dishes_prices (id, dish_id, price, set_date) values (50, 27, 86.97, '2018-07-14');
insert into dishes_prices (id, dish_id, price, set_date) values (51, 32, 28.46, '2016-04-27');
insert into dishes_prices (id, dish_id, price, set_date) values (52, 41, 38.41, '2016-07-22');
insert into dishes_prices (id, dish_id, price, set_date) values (53, 48, 99.08, '2016-04-11');
insert into dishes_prices (id, dish_id, price, set_date) values (54, 100, 95.8, '2018-01-15');
insert into dishes_prices (id, dish_id, price, set_date) values (55, 40, 25.7, '2016-12-25');
insert into dishes_prices (id, dish_id, price, set_date) values (56, 42, 28.5, '2018-03-25');
insert into dishes_prices (id, dish_id, price, set_date) values (57, 9, 76.89, '2017-10-21');
insert into dishes_prices (id, dish_id, price, set_date) values (58, 8, 58.41, '2018-05-20');
insert into dishes_prices (id, dish_id, price, set_date) values (59, 8, 88.29, '2016-07-07');
insert into dishes_prices (id, dish_id, price, set_date) values (60, 70, 49.43, '2017-07-04');
insert into dishes_prices (id, dish_id, price, set_date) values (61, 91, 33.97, '2017-10-27');
insert into dishes_prices (id, dish_id, price, set_date) values (62, 31, 99.1, '2016-08-13');
insert into dishes_prices (id, dish_id, price, set_date) values (63, 87, 87.78, '2017-08-15');
insert into dishes_prices (id, dish_id, price, set_date) values (64, 15, 50.82, '2016-05-17');
insert into dishes_prices (id, dish_id, price, set_date) values (65, 80, 81.97, '2016-02-08');
insert into dishes_prices (id, dish_id, price, set_date) values (66, 24, 20.81, '2017-12-09');
insert into dishes_prices (id, dish_id, price, set_date) values (67, 83, 77.93, '2017-01-27');
insert into dishes_prices (id, dish_id, price, set_date) values (68, 37, 63.39, '2017-11-23');
insert into dishes_prices (id, dish_id, price, set_date) values (69, 98, 32.54, '2018-04-18');
insert into dishes_prices (id, dish_id, price, set_date) values (70, 72, 66.45, '2017-11-12');
insert into dishes_prices (id, dish_id, price, set_date) values (71, 44, 34.34, '2016-11-10');
insert into dishes_prices (id, dish_id, price, set_date) values (72, 25, 58.92, '2016-07-23');
insert into dishes_prices (id, dish_id, price, set_date) values (73, 23, 79.07, '2018-01-14');
insert into dishes_prices (id, dish_id, price, set_date) values (74, 15, 28.14, '2017-08-18');
insert into dishes_prices (id, dish_id, price, set_date) values (75, 79, 83.03, '2017-10-10');
insert into dishes_prices (id, dish_id, price, set_date) values (76, 65, 2.33, '2018-06-15');
insert into dishes_prices (id, dish_id, price, set_date) values (77, 30, 63.15, '2017-12-22');
insert into dishes_prices (id, dish_id, price, set_date) values (78, 86, 55.15, '2018-04-30');
insert into dishes_prices (id, dish_id, price, set_date) values (79, 96, 7.42, '2017-12-25');
insert into dishes_prices (id, dish_id, price, set_date) values (80, 46, 57.87, '2016-09-08');
insert into dishes_prices (id, dish_id, price, set_date) values (81, 44, 46.64, '2018-01-05');
insert into dishes_prices (id, dish_id, price, set_date) values (82, 55, 93.4, '2016-11-24');
insert into dishes_prices (id, dish_id, price, set_date) values (83, 74, 57.0, '2016-02-02');
insert into dishes_prices (id, dish_id, price, set_date) values (84, 27, 59.06, '2016-04-26');
insert into dishes_prices (id, dish_id, price, set_date) values (85, 5, 22.84, '2018-05-30');
insert into dishes_prices (id, dish_id, price, set_date) values (86, 61, 69.1, '2016-11-04');
insert into dishes_prices (id, dish_id, price, set_date) values (87, 67, 33.8, '2017-03-01');
insert into dishes_prices (id, dish_id, price, set_date) values (88, 88, 62.86, '2016-06-04');
insert into dishes_prices (id, dish_id, price, set_date) values (89, 18, 43.01, '2017-12-17');
insert into dishes_prices (id, dish_id, price, set_date) values (90, 42, 32.69, '2018-03-06');
insert into dishes_prices (id, dish_id, price, set_date) values (91, 17, 23.71, '2016-05-20');
insert into dishes_prices (id, dish_id, price, set_date) values (92, 25, 68.96, '2016-04-14');
insert into dishes_prices (id, dish_id, price, set_date) values (93, 29, 99.5, '2016-07-18');
insert into dishes_prices (id, dish_id, price, set_date) values (94, 21, 34.33, '2016-06-24');
insert into dishes_prices (id, dish_id, price, set_date) values (95, 35, 80.45, '2017-03-30');
insert into dishes_prices (id, dish_id, price, set_date) values (96, 36, 85.9, '2017-07-24');
insert into dishes_prices (id, dish_id, price, set_date) values (97, 21, 83.21, '2016-05-20');
insert into dishes_prices (id, dish_id, price, set_date) values (98, 56, 23.62, '2017-02-06');
insert into dishes_prices (id, dish_id, price, set_date) values (99, 64, 91.3, '2016-06-14');
insert into dishes_prices (id, dish_id, price, set_date) values (100, 66, 6.05, '2016-01-30');
insert into dishes_prices (id, dish_id, price, set_date) values (101, 70, 54.28, '2016-04-21');
insert into dishes_prices (id, dish_id, price, set_date) values (102, 35, 65.68, '2017-10-12');
insert into dishes_prices (id, dish_id, price, set_date) values (103, 23, 17.52, '2017-05-05');
insert into dishes_prices (id, dish_id, price, set_date) values (104, 33, 22.06, '2016-02-06');
insert into dishes_prices (id, dish_id, price, set_date) values (105, 78, 53.89, '2018-02-08');
insert into dishes_prices (id, dish_id, price, set_date) values (106, 63, 61.25, '2016-06-12');
insert into dishes_prices (id, dish_id, price, set_date) values (107, 46, 4.38, '2016-08-23');
insert into dishes_prices (id, dish_id, price, set_date) values (108, 47, 65.68, '2017-04-06');
insert into dishes_prices (id, dish_id, price, set_date) values (109, 16, 33.19, '2017-12-05');
insert into dishes_prices (id, dish_id, price, set_date) values (110, 26, 10.19, '2016-09-09');
insert into dishes_prices (id, dish_id, price, set_date) values (111, 26, 40.83, '2017-03-19');
insert into dishes_prices (id, dish_id, price, set_date) values (112, 38, 20.85, '2017-03-18');
insert into dishes_prices (id, dish_id, price, set_date) values (113, 49, 42.79, '2017-01-03');
insert into dishes_prices (id, dish_id, price, set_date) values (114, 49, 53.64, '2017-06-27');
insert into dishes_prices (id, dish_id, price, set_date) values (115, 40, 86.68, '2016-09-19');
insert into dishes_prices (id, dish_id, price, set_date) values (116, 19, 49.76, '2017-10-11');
insert into dishes_prices (id, dish_id, price, set_date) values (117, 67, 4.25, '2018-07-12');
insert into dishes_prices (id, dish_id, price, set_date) values (118, 22, 69.22, '2017-06-10');
insert into dishes_prices (id, dish_id, price, set_date) values (119, 61, 74.95, '2018-03-11');
insert into dishes_prices (id, dish_id, price, set_date) values (120, 59, 14.1, '2016-11-29');
insert into dishes_prices (id, dish_id, price, set_date) values (121, 44, 81.64, '2016-07-20');
insert into dishes_prices (id, dish_id, price, set_date) values (122, 38, 89.63, '2018-02-11');
insert into dishes_prices (id, dish_id, price, set_date) values (123, 57, 39.79, '2016-09-06');
insert into dishes_prices (id, dish_id, price, set_date) values (124, 21, 7.5, '2016-06-20');
insert into dishes_prices (id, dish_id, price, set_date) values (125, 13, 36.21, '2017-04-15');
insert into dishes_prices (id, dish_id, price, set_date) values (126, 41, 14.31, '2016-06-16');
insert into dishes_prices (id, dish_id, price, set_date) values (127, 39, 41.42, '2016-09-21');
insert into dishes_prices (id, dish_id, price, set_date) values (128, 97, 80.57, '2018-05-04');
insert into dishes_prices (id, dish_id, price, set_date) values (129, 26, 28.76, '2016-07-20');
insert into dishes_prices (id, dish_id, price, set_date) values (130, 70, 21.34, '2016-03-13');
insert into dishes_prices (id, dish_id, price, set_date) values (131, 58, 48.08, '2016-10-18');
insert into dishes_prices (id, dish_id, price, set_date) values (132, 64, 4.99, '2017-12-15');
insert into dishes_prices (id, dish_id, price, set_date) values (133, 27, 67.93, '2016-09-29');
insert into dishes_prices (id, dish_id, price, set_date) values (134, 100, 39.92, '2016-08-06');
insert into dishes_prices (id, dish_id, price, set_date) values (135, 7, 52.4, '2016-06-19');
insert into dishes_prices (id, dish_id, price, set_date) values (136, 30, 82.3, '2016-05-09');
insert into dishes_prices (id, dish_id, price, set_date) values (137, 49, 54.25, '2017-01-20');
insert into dishes_prices (id, dish_id, price, set_date) values (138, 41, 84.74, '2017-11-12');
insert into dishes_prices (id, dish_id, price, set_date) values (139, 26, 97.95, '2016-06-20');
insert into dishes_prices (id, dish_id, price, set_date) values (140, 21, 56.78, '2016-10-18');
insert into dishes_prices (id, dish_id, price, set_date) values (141, 67, 17.38, '2016-11-18');
insert into dishes_prices (id, dish_id, price, set_date) values (142, 91, 48.39, '2016-10-28');
insert into dishes_prices (id, dish_id, price, set_date) values (143, 20, 82.98, '2018-03-13');
insert into dishes_prices (id, dish_id, price, set_date) values (144, 39, 75.78, '2016-12-09');
insert into dishes_prices (id, dish_id, price, set_date) values (145, 4, 23.45, '2016-10-02');
insert into dishes_prices (id, dish_id, price, set_date) values (146, 2, 39.05, '2016-09-27');
insert into dishes_prices (id, dish_id, price, set_date) values (147, 60, 32.59, '2016-11-13');
insert into dishes_prices (id, dish_id, price, set_date) values (148, 6, 76.01, '2016-07-10');
insert into dishes_prices (id, dish_id, price, set_date) values (149, 55, 84.85, '2018-04-15');
insert into dishes_prices (id, dish_id, price, set_date) values (150, 30, 47.73, '2017-04-23');
insert into dishes_prices (id, dish_id, price, set_date) values (151, 30, 59.55, '2017-10-10');
insert into dishes_prices (id, dish_id, price, set_date) values (152, 43, 19.79, '2017-04-24');
insert into dishes_prices (id, dish_id, price, set_date) values (153, 75, 54.43, '2016-04-06');
insert into dishes_prices (id, dish_id, price, set_date) values (154, 77, 51.41, '2018-05-22');
insert into dishes_prices (id, dish_id, price, set_date) values (155, 42, 31.23, '2016-01-02');
insert into dishes_prices (id, dish_id, price, set_date) values (156, 95, 67.24, '2016-05-26');
insert into dishes_prices (id, dish_id, price, set_date) values (157, 41, 17.12, '2016-09-13');
insert into dishes_prices (id, dish_id, price, set_date) values (158, 13, 63.89, '2017-10-30');
insert into dishes_prices (id, dish_id, price, set_date) values (159, 63, 86.21, '2018-02-23');
insert into dishes_prices (id, dish_id, price, set_date) values (160, 16, 10.37, '2017-04-22');
insert into dishes_prices (id, dish_id, price, set_date) values (161, 97, 67.34, '2018-01-10');
insert into dishes_prices (id, dish_id, price, set_date) values (162, 1, 62.05, '2017-07-28');
insert into dishes_prices (id, dish_id, price, set_date) values (163, 42, 77.8, '2016-04-29');
insert into dishes_prices (id, dish_id, price, set_date) values (164, 7, 17.45, '2016-04-02');
insert into dishes_prices (id, dish_id, price, set_date) values (165, 19, 70.73, '2016-07-05');
insert into dishes_prices (id, dish_id, price, set_date) values (166, 4, 46.91, '2016-05-22');
insert into dishes_prices (id, dish_id, price, set_date) values (167, 58, 20.0, '2018-01-23');
insert into dishes_prices (id, dish_id, price, set_date) values (168, 95, 94.71, '2017-02-27');
insert into dishes_prices (id, dish_id, price, set_date) values (169, 86, 77.72, '2016-07-11');
insert into dishes_prices (id, dish_id, price, set_date) values (170, 65, 52.65, '2017-09-12');
insert into dishes_prices (id, dish_id, price, set_date) values (171, 3, 83.06, '2016-04-24');
insert into dishes_prices (id, dish_id, price, set_date) values (172, 20, 6.75, '2018-01-20');
insert into dishes_prices (id, dish_id, price, set_date) values (173, 7, 86.04, '2016-10-14');
insert into dishes_prices (id, dish_id, price, set_date) values (174, 84, 57.07, '2017-01-03');
insert into dishes_prices (id, dish_id, price, set_date) values (175, 24, 26.28, '2016-03-28');
insert into dishes_prices (id, dish_id, price, set_date) values (176, 61, 65.43, '2016-10-14');
insert into dishes_prices (id, dish_id, price, set_date) values (177, 25, 2.86, '2016-11-23');
insert into dishes_prices (id, dish_id, price, set_date) values (178, 92, 3.35, '2016-11-10');
insert into dishes_prices (id, dish_id, price, set_date) values (179, 33, 71.8, '2017-01-06');
insert into dishes_prices (id, dish_id, price, set_date) values (180, 76, 57.48, '2017-06-07');
insert into dishes_prices (id, dish_id, price, set_date) values (181, 29, 68.16, '2016-09-23');
insert into dishes_prices (id, dish_id, price, set_date) values (182, 69, 71.19, '2017-08-05');
insert into dishes_prices (id, dish_id, price, set_date) values (183, 67, 63.95, '2017-02-26');
insert into dishes_prices (id, dish_id, price, set_date) values (184, 53, 26.37, '2016-06-21');
insert into dishes_prices (id, dish_id, price, set_date) values (185, 38, 21.34, '2017-05-16');
insert into dishes_prices (id, dish_id, price, set_date) values (186, 61, 38.23, '2017-07-05');
insert into dishes_prices (id, dish_id, price, set_date) values (187, 22, 75.27, '2016-08-18');
insert into dishes_prices (id, dish_id, price, set_date) values (188, 4, 63.15, '2018-06-19');
insert into dishes_prices (id, dish_id, price, set_date) values (189, 12, 40.81, '2016-05-24');
insert into dishes_prices (id, dish_id, price, set_date) values (190, 83, 77.55, '2017-12-27');
insert into dishes_prices (id, dish_id, price, set_date) values (191, 57, 51.63, '2016-05-01');
insert into dishes_prices (id, dish_id, price, set_date) values (192, 11, 95.32, '2016-05-20');
insert into dishes_prices (id, dish_id, price, set_date) values (193, 62, 81.04, '2018-03-09');
insert into dishes_prices (id, dish_id, price, set_date) values (194, 28, 99.51, '2016-04-02');
insert into dishes_prices (id, dish_id, price, set_date) values (195, 68, 0.69, '2016-10-29');
insert into dishes_prices (id, dish_id, price, set_date) values (196, 48, 77.84, '2018-01-24');
insert into dishes_prices (id, dish_id, price, set_date) values (197, 47, 71.08, '2016-05-02');
insert into dishes_prices (id, dish_id, price, set_date) values (198, 65, 95.63, '2018-04-07');
insert into dishes_prices (id, dish_id, price, set_date) values (199, 62, 78.34, '2016-02-11');
insert into dishes_prices (id, dish_id, price, set_date) values (200, 36, 30.37, '2016-01-29');
insert into dishes_prices (id, dish_id, price, set_date) values (201, 75, 57.72, '2017-08-10');
insert into dishes_prices (id, dish_id, price, set_date) values (202, 33, 7.36, '2017-12-18');
insert into dishes_prices (id, dish_id, price, set_date) values (203, 8, 76.9, '2017-07-27');
insert into dishes_prices (id, dish_id, price, set_date) values (204, 69, 42.77, '2016-01-19');
insert into dishes_prices (id, dish_id, price, set_date) values (205, 67, 89.18, '2017-09-16');
insert into dishes_prices (id, dish_id, price, set_date) values (206, 90, 89.28, '2017-02-16');
insert into dishes_prices (id, dish_id, price, set_date) values (207, 56, 65.19, '2017-10-11');
insert into dishes_prices (id, dish_id, price, set_date) values (208, 91, 92.72, '2016-05-11');
insert into dishes_prices (id, dish_id, price, set_date) values (209, 53, 93.4, '2016-11-21');
insert into dishes_prices (id, dish_id, price, set_date) values (210, 46, 16.86, '2017-07-15');
insert into dishes_prices (id, dish_id, price, set_date) values (211, 49, 63.74, '2017-03-22');
insert into dishes_prices (id, dish_id, price, set_date) values (212, 78, 60.7, '2017-05-02');
insert into dishes_prices (id, dish_id, price, set_date) values (213, 76, 81.49, '2018-06-29');
insert into dishes_prices (id, dish_id, price, set_date) values (214, 44, 39.79, '2017-09-18');
insert into dishes_prices (id, dish_id, price, set_date) values (215, 27, 8.29, '2017-02-17');
insert into dishes_prices (id, dish_id, price, set_date) values (216, 31, 32.96, '2018-01-29');
insert into dishes_prices (id, dish_id, price, set_date) values (217, 55, 27.54, '2016-01-31');
insert into dishes_prices (id, dish_id, price, set_date) values (218, 88, 66.88, '2017-01-28');
insert into dishes_prices (id, dish_id, price, set_date) values (219, 94, 58.05, '2017-06-24');
insert into dishes_prices (id, dish_id, price, set_date) values (220, 76, 31.78, '2017-01-29');
insert into dishes_prices (id, dish_id, price, set_date) values (221, 5, 27.75, '2016-07-18');
insert into dishes_prices (id, dish_id, price, set_date) values (222, 72, 98.65, '2018-01-01');
insert into dishes_prices (id, dish_id, price, set_date) values (223, 35, 14.09, '2016-04-28');
insert into dishes_prices (id, dish_id, price, set_date) values (224, 57, 70.06, '2016-06-20');
insert into dishes_prices (id, dish_id, price, set_date) values (225, 20, 8.39, '2018-04-28');
insert into dishes_prices (id, dish_id, price, set_date) values (226, 72, 92.4, '2016-11-26');
insert into dishes_prices (id, dish_id, price, set_date) values (227, 15, 49.25, '2016-08-12');
insert into dishes_prices (id, dish_id, price, set_date) values (228, 78, 20.17, '2016-04-15');
insert into dishes_prices (id, dish_id, price, set_date) values (229, 76, 13.87, '2016-01-17');
insert into dishes_prices (id, dish_id, price, set_date) values (230, 8, 65.87, '2017-08-24');
insert into dishes_prices (id, dish_id, price, set_date) values (231, 30, 0.72, '2016-06-11');
insert into dishes_prices (id, dish_id, price, set_date) values (232, 13, 93.94, '2016-12-02');
insert into dishes_prices (id, dish_id, price, set_date) values (233, 81, 60.79, '2017-09-11');
insert into dishes_prices (id, dish_id, price, set_date) values (234, 54, 74.59, '2016-01-24');
insert into dishes_prices (id, dish_id, price, set_date) values (235, 47, 59.2, '2016-03-24');
insert into dishes_prices (id, dish_id, price, set_date) values (236, 100, 35.55, '2017-01-16');
insert into dishes_prices (id, dish_id, price, set_date) values (237, 6, 44.18, '2017-04-24');
insert into dishes_prices (id, dish_id, price, set_date) values (238, 56, 48.26, '2017-03-01');
insert into dishes_prices (id, dish_id, price, set_date) values (239, 44, 70.19, '2017-07-25');
insert into dishes_prices (id, dish_id, price, set_date) values (240, 18, 98.28, '2018-04-29');
insert into dishes_prices (id, dish_id, price, set_date) values (241, 9, 20.65, '2016-09-14');
insert into dishes_prices (id, dish_id, price, set_date) values (242, 54, 74.23, '2016-03-20');
insert into dishes_prices (id, dish_id, price, set_date) values (243, 9, 47.66, '2017-06-10');
insert into dishes_prices (id, dish_id, price, set_date) values (244, 12, 14.77, '2016-03-13');
insert into dishes_prices (id, dish_id, price, set_date) values (245, 1, 55.43, '2017-07-01');
insert into dishes_prices (id, dish_id, price, set_date) values (246, 32, 14.57, '2017-09-15');
insert into dishes_prices (id, dish_id, price, set_date) values (247, 100, 92.44, '2018-05-24');
insert into dishes_prices (id, dish_id, price, set_date) values (248, 56, 12.46, '2016-07-18');
insert into dishes_prices (id, dish_id, price, set_date) values (249, 7, 37.2, '2018-04-17');
insert into dishes_prices (id, dish_id, price, set_date) values (250, 43, 61.68, '2016-01-19');
insert into dishes_prices (id, dish_id, price, set_date) values (251, 79, 10.38, '2017-05-16');
insert into dishes_prices (id, dish_id, price, set_date) values (252, 87, 50.88, '2017-01-24');
insert into dishes_prices (id, dish_id, price, set_date) values (253, 44, 69.1, '2017-03-11');
insert into dishes_prices (id, dish_id, price, set_date) values (254, 48, 16.75, '2016-04-04');
insert into dishes_prices (id, dish_id, price, set_date) values (255, 50, 7.98, '2016-07-10');
insert into dishes_prices (id, dish_id, price, set_date) values (256, 6, 97.38, '2017-02-17');
insert into dishes_prices (id, dish_id, price, set_date) values (257, 67, 82.1, '2016-10-19');
insert into dishes_prices (id, dish_id, price, set_date) values (258, 13, 97.78, '2017-02-16');
insert into dishes_prices (id, dish_id, price, set_date) values (259, 31, 49.96, '2016-08-16');
insert into dishes_prices (id, dish_id, price, set_date) values (260, 11, 82.84, '2017-11-24');
insert into dishes_prices (id, dish_id, price, set_date) values (261, 16, 82.16, '2016-08-08');
insert into dishes_prices (id, dish_id, price, set_date) values (262, 9, 56.39, '2017-04-10');
insert into dishes_prices (id, dish_id, price, set_date) values (263, 60, 56.6, '2018-01-19');
insert into dishes_prices (id, dish_id, price, set_date) values (264, 28, 8.58, '2017-05-22');
insert into dishes_prices (id, dish_id, price, set_date) values (265, 57, 76.06, '2018-04-23');
insert into dishes_prices (id, dish_id, price, set_date) values (266, 8, 1.4, '2017-10-06');
insert into dishes_prices (id, dish_id, price, set_date) values (267, 93, 33.07, '2016-06-23');
insert into dishes_prices (id, dish_id, price, set_date) values (268, 88, 3.19, '2018-04-04');
insert into dishes_prices (id, dish_id, price, set_date) values (269, 22, 43.42, '2016-06-04');
insert into dishes_prices (id, dish_id, price, set_date) values (270, 59, 66.09, '2017-09-23');
insert into dishes_prices (id, dish_id, price, set_date) values (271, 79, 75.1, '2017-12-07');
insert into dishes_prices (id, dish_id, price, set_date) values (272, 77, 6.71, '2018-05-04');
insert into dishes_prices (id, dish_id, price, set_date) values (273, 52, 92.6, '2018-03-26');
insert into dishes_prices (id, dish_id, price, set_date) values (274, 47, 4.23, '2017-08-06');
insert into dishes_prices (id, dish_id, price, set_date) values (275, 71, 91.69, '2016-01-08');
insert into dishes_prices (id, dish_id, price, set_date) values (276, 82, 48.38, '2016-11-12');
insert into dishes_prices (id, dish_id, price, set_date) values (277, 78, 24.41, '2017-02-26');
insert into dishes_prices (id, dish_id, price, set_date) values (278, 41, 38.55, '2017-10-17');
insert into dishes_prices (id, dish_id, price, set_date) values (279, 17, 63.21, '2016-11-22');
insert into dishes_prices (id, dish_id, price, set_date) values (280, 11, 62.07, '2016-07-12');
insert into dishes_prices (id, dish_id, price, set_date) values (281, 87, 63.57, '2017-08-22');
insert into dishes_prices (id, dish_id, price, set_date) values (282, 42, 32.34, '2016-04-17');
insert into dishes_prices (id, dish_id, price, set_date) values (283, 7, 76.64, '2016-08-08');
insert into dishes_prices (id, dish_id, price, set_date) values (284, 28, 95.74, '2017-12-17');
insert into dishes_prices (id, dish_id, price, set_date) values (285, 85, 29.72, '2016-09-02');
insert into dishes_prices (id, dish_id, price, set_date) values (286, 13, 21.77, '2018-02-10');
insert into dishes_prices (id, dish_id, price, set_date) values (287, 7, 27.2, '2016-01-05');
insert into dishes_prices (id, dish_id, price, set_date) values (288, 63, 27.74, '2016-08-12');
insert into dishes_prices (id, dish_id, price, set_date) values (289, 16, 33.91, '2016-02-19');
insert into dishes_prices (id, dish_id, price, set_date) values (290, 87, 85.25, '2016-03-07');
insert into dishes_prices (id, dish_id, price, set_date) values (291, 92, 56.36, '2018-01-21');
insert into dishes_prices (id, dish_id, price, set_date) values (292, 70, 71.35, '2017-06-19');
insert into dishes_prices (id, dish_id, price, set_date) values (293, 59, 10.37, '2016-01-13');
insert into dishes_prices (id, dish_id, price, set_date) values (294, 59, 52.06, '2016-06-16');
insert into dishes_prices (id, dish_id, price, set_date) values (295, 58, 21.81, '2018-06-17');
insert into dishes_prices (id, dish_id, price, set_date) values (296, 70, 93.0, '2017-08-09');
insert into dishes_prices (id, dish_id, price, set_date) values (297, 16, 35.44, '2017-03-24');
insert into dishes_prices (id, dish_id, price, set_date) values (298, 72, 78.87, '2017-05-27');
insert into dishes_prices (id, dish_id, price, set_date) values (299, 41, 69.39, '2018-06-03');
insert into dishes_prices (id, dish_id, price, set_date) values (300, 26, 30.96, '2016-11-20');
insert into dishes_prices (id, dish_id, price, set_date) values (301, 32, 16.78, '2017-08-05');
insert into dishes_prices (id, dish_id, price, set_date) values (302, 80, 61.6, '2016-01-19');
insert into dishes_prices (id, dish_id, price, set_date) values (303, 7, 30.72, '2016-03-09');
insert into dishes_prices (id, dish_id, price, set_date) values (304, 50, 44.97, '2016-10-27');
insert into dishes_prices (id, dish_id, price, set_date) values (305, 63, 81.59, '2016-10-31');
insert into dishes_prices (id, dish_id, price, set_date) values (306, 83, 27.64, '2017-03-23');
insert into dishes_prices (id, dish_id, price, set_date) values (307, 15, 93.04, '2016-07-10');
insert into dishes_prices (id, dish_id, price, set_date) values (308, 98, 20.58, '2018-03-24');
insert into dishes_prices (id, dish_id, price, set_date) values (309, 46, 52.91, '2016-10-16');
insert into dishes_prices (id, dish_id, price, set_date) values (310, 68, 15.17, '2017-09-28');
insert into dishes_prices (id, dish_id, price, set_date) values (311, 61, 44.28, '2017-10-18');
insert into dishes_prices (id, dish_id, price, set_date) values (312, 76, 10.01, '2016-02-12');
insert into dishes_prices (id, dish_id, price, set_date) values (313, 27, 45.97, '2016-11-02');
insert into dishes_prices (id, dish_id, price, set_date) values (314, 89, 15.99, '2016-02-25');
insert into dishes_prices (id, dish_id, price, set_date) values (315, 35, 66.44, '2018-04-01');
insert into dishes_prices (id, dish_id, price, set_date) values (316, 63, 50.84, '2017-05-16');
insert into dishes_prices (id, dish_id, price, set_date) values (317, 42, 28.89, '2016-07-01');
insert into dishes_prices (id, dish_id, price, set_date) values (318, 71, 56.2, '2017-05-02');
insert into dishes_prices (id, dish_id, price, set_date) values (319, 45, 75.26, '2018-04-25');
insert into dishes_prices (id, dish_id, price, set_date) values (320, 71, 0.91, '2017-01-15');
insert into dishes_prices (id, dish_id, price, set_date) values (321, 84, 4.92, '2016-11-08');
insert into dishes_prices (id, dish_id, price, set_date) values (322, 10, 76.6, '2018-04-23');
insert into dishes_prices (id, dish_id, price, set_date) values (323, 25, 37.03, '2017-06-24');
insert into dishes_prices (id, dish_id, price, set_date) values (324, 58, 16.28, '2016-05-05');
insert into dishes_prices (id, dish_id, price, set_date) values (325, 86, 50.78, '2017-06-03');
insert into dishes_prices (id, dish_id, price, set_date) values (326, 15, 98.14, '2016-05-14');
insert into dishes_prices (id, dish_id, price, set_date) values (327, 14, 74.95, '2017-09-19');
insert into dishes_prices (id, dish_id, price, set_date) values (328, 89, 5.61, '2016-03-25');
insert into dishes_prices (id, dish_id, price, set_date) values (329, 19, 89.31, '2016-01-23');
insert into dishes_prices (id, dish_id, price, set_date) values (330, 12, 82.76, '2018-06-28');
insert into dishes_prices (id, dish_id, price, set_date) values (331, 27, 22.39, '2016-11-08');
insert into dishes_prices (id, dish_id, price, set_date) values (332, 50, 38.29, '2018-03-22');
insert into dishes_prices (id, dish_id, price, set_date) values (333, 90, 27.91, '2017-01-28');
insert into dishes_prices (id, dish_id, price, set_date) values (334, 69, 47.79, '2018-01-12');
insert into dishes_prices (id, dish_id, price, set_date) values (335, 30, 67.87, '2017-05-11');
insert into dishes_prices (id, dish_id, price, set_date) values (336, 11, 78.48, '2017-01-01');
insert into dishes_prices (id, dish_id, price, set_date) values (337, 24, 76.15, '2017-02-10');
insert into dishes_prices (id, dish_id, price, set_date) values (338, 64, 85.92, '2016-12-24');
insert into dishes_prices (id, dish_id, price, set_date) values (339, 24, 84.89, '2016-08-16');
insert into dishes_prices (id, dish_id, price, set_date) values (340, 34, 72.51, '2016-02-26');
insert into dishes_prices (id, dish_id, price, set_date) values (341, 46, 66.75, '2016-03-19');
insert into dishes_prices (id, dish_id, price, set_date) values (342, 87, 4.05, '2016-06-05');
insert into dishes_prices (id, dish_id, price, set_date) values (343, 91, 10.01, '2018-03-20');
insert into dishes_prices (id, dish_id, price, set_date) values (344, 13, 83.41, '2018-01-17');
insert into dishes_prices (id, dish_id, price, set_date) values (345, 73, 19.57, '2018-01-18');
insert into dishes_prices (id, dish_id, price, set_date) values (346, 33, 47.89, '2016-06-24');
insert into dishes_prices (id, dish_id, price, set_date) values (347, 45, 42.82, '2016-02-26');
insert into dishes_prices (id, dish_id, price, set_date) values (348, 68, 12.46, '2016-10-26');
insert into dishes_prices (id, dish_id, price, set_date) values (349, 83, 44.93, '2018-03-01');
insert into dishes_prices (id, dish_id, price, set_date) values (350, 30, 0.96, '2017-07-30');
insert into dishes_prices (id, dish_id, price, set_date) values (351, 23, 36.21, '2017-07-05');
insert into dishes_prices (id, dish_id, price, set_date) values (352, 96, 23.5, '2017-08-24');
insert into dishes_prices (id, dish_id, price, set_date) values (353, 4, 71.18, '2016-09-12');
insert into dishes_prices (id, dish_id, price, set_date) values (354, 48, 8.89, '2017-02-16');
insert into dishes_prices (id, dish_id, price, set_date) values (355, 24, 70.45, '2016-02-22');
insert into dishes_prices (id, dish_id, price, set_date) values (356, 99, 57.54, '2017-03-24');
insert into dishes_prices (id, dish_id, price, set_date) values (357, 13, 65.41, '2016-11-21');
insert into dishes_prices (id, dish_id, price, set_date) values (358, 7, 33.56, '2017-08-11');
insert into dishes_prices (id, dish_id, price, set_date) values (359, 52, 45.51, '2018-05-05');
insert into dishes_prices (id, dish_id, price, set_date) values (360, 53, 63.28, '2017-07-20');
insert into dishes_prices (id, dish_id, price, set_date) values (361, 25, 93.35, '2016-11-07');
insert into dishes_prices (id, dish_id, price, set_date) values (362, 51, 9.45, '2017-06-01');
insert into dishes_prices (id, dish_id, price, set_date) values (363, 48, 47.09, '2017-06-15');
insert into dishes_prices (id, dish_id, price, set_date) values (364, 20, 50.25, '2017-09-20');
insert into dishes_prices (id, dish_id, price, set_date) values (365, 24, 17.02, '2018-03-25');
insert into dishes_prices (id, dish_id, price, set_date) values (366, 12, 66.52, '2016-05-25');
insert into dishes_prices (id, dish_id, price, set_date) values (367, 98, 1.95, '2016-04-07');
insert into dishes_prices (id, dish_id, price, set_date) values (368, 9, 9.19, '2017-06-23');
insert into dishes_prices (id, dish_id, price, set_date) values (369, 94, 5.82, '2017-04-05');
insert into dishes_prices (id, dish_id, price, set_date) values (370, 30, 29.91, '2017-07-11');
insert into dishes_prices (id, dish_id, price, set_date) values (371, 43, 63.24, '2017-11-11');
insert into dishes_prices (id, dish_id, price, set_date) values (372, 10, 44.91, '2018-07-03');
insert into dishes_prices (id, dish_id, price, set_date) values (373, 39, 83.16, '2016-01-23');
insert into dishes_prices (id, dish_id, price, set_date) values (374, 71, 40.43, '2016-11-18');
insert into dishes_prices (id, dish_id, price, set_date) values (375, 46, 59.98, '2017-11-13');
insert into dishes_prices (id, dish_id, price, set_date) values (376, 73, 81.74, '2016-12-24');
insert into dishes_prices (id, dish_id, price, set_date) values (377, 44, 76.02, '2016-11-25');
insert into dishes_prices (id, dish_id, price, set_date) values (378, 73, 12.81, '2016-06-11');
insert into dishes_prices (id, dish_id, price, set_date) values (379, 27, 37.37, '2018-01-22');
insert into dishes_prices (id, dish_id, price, set_date) values (380, 38, 18.41, '2017-08-16');
insert into dishes_prices (id, dish_id, price, set_date) values (381, 8, 45.79, '2018-04-09');
insert into dishes_prices (id, dish_id, price, set_date) values (382, 84, 62.26, '2016-01-03');
insert into dishes_prices (id, dish_id, price, set_date) values (383, 43, 95.01, '2016-11-15');
insert into dishes_prices (id, dish_id, price, set_date) values (384, 58, 37.77, '2016-06-29');
insert into dishes_prices (id, dish_id, price, set_date) values (385, 24, 64.61, '2016-04-25');
insert into dishes_prices (id, dish_id, price, set_date) values (386, 97, 85.6, '2016-01-09');
insert into dishes_prices (id, dish_id, price, set_date) values (387, 51, 91.49, '2018-03-14');
insert into dishes_prices (id, dish_id, price, set_date) values (388, 40, 24.73, '2016-10-23');
insert into dishes_prices (id, dish_id, price, set_date) values (389, 81, 62.55, '2017-09-17');
insert into dishes_prices (id, dish_id, price, set_date) values (390, 18, 32.45, '2018-05-12');
insert into dishes_prices (id, dish_id, price, set_date) values (391, 50, 89.69, '2017-04-27');
insert into dishes_prices (id, dish_id, price, set_date) values (392, 20, 61.24, '2018-01-25');
insert into dishes_prices (id, dish_id, price, set_date) values (393, 80, 25.68, '2017-02-05');
insert into dishes_prices (id, dish_id, price, set_date) values (394, 19, 71.51, '2016-05-15');
insert into dishes_prices (id, dish_id, price, set_date) values (395, 79, 10.79, '2017-12-28');
insert into dishes_prices (id, dish_id, price, set_date) values (396, 33, 74.92, '2018-02-05');
insert into dishes_prices (id, dish_id, price, set_date) values (397, 92, 95.99, '2017-12-02');
insert into dishes_prices (id, dish_id, price, set_date) values (398, 10, 57.01, '2018-04-18');
insert into dishes_prices (id, dish_id, price, set_date) values (399, 48, 43.79, '2016-02-06');
insert into dishes_prices (id, dish_id, price, set_date) values (400, 49, 11.56, '2017-02-24');
insert into dishes_prices (id, dish_id, price, set_date) values (401, 66, 84.89, '2016-07-29');
insert into dishes_prices (id, dish_id, price, set_date) values (402, 85, 24.4, '2017-08-10');
insert into dishes_prices (id, dish_id, price, set_date) values (403, 47, 5.65, '2017-08-22');
insert into dishes_prices (id, dish_id, price, set_date) values (404, 90, 38.69, '2016-08-15');
insert into dishes_prices (id, dish_id, price, set_date) values (405, 32, 79.51, '2018-05-20');
insert into dishes_prices (id, dish_id, price, set_date) values (406, 67, 42.09, '2016-03-23');
insert into dishes_prices (id, dish_id, price, set_date) values (407, 57, 58.19, '2017-08-11');
insert into dishes_prices (id, dish_id, price, set_date) values (408, 100, 34.23, '2016-08-16');
insert into dishes_prices (id, dish_id, price, set_date) values (409, 6, 18.1, '2016-06-17');
insert into dishes_prices (id, dish_id, price, set_date) values (410, 48, 28.79, '2016-05-01');
insert into dishes_prices (id, dish_id, price, set_date) values (411, 3, 71.75, '2018-06-02');
insert into dishes_prices (id, dish_id, price, set_date) values (412, 24, 91.29, '2016-11-14');
insert into dishes_prices (id, dish_id, price, set_date) values (413, 65, 50.49, '2017-04-17');
insert into dishes_prices (id, dish_id, price, set_date) values (414, 70, 94.21, '2018-07-01');
insert into dishes_prices (id, dish_id, price, set_date) values (415, 84, 86.9, '2017-01-11');
insert into dishes_prices (id, dish_id, price, set_date) values (416, 73, 58.4, '2016-05-24');
insert into dishes_prices (id, dish_id, price, set_date) values (417, 21, 45.23, '2017-03-04');
insert into dishes_prices (id, dish_id, price, set_date) values (418, 61, 53.86, '2016-08-21');
insert into dishes_prices (id, dish_id, price, set_date) values (419, 92, 67.62, '2018-02-03');
insert into dishes_prices (id, dish_id, price, set_date) values (420, 92, 35.13, '2017-04-28');
insert into dishes_prices (id, dish_id, price, set_date) values (421, 27, 28.98, '2017-03-09');
insert into dishes_prices (id, dish_id, price, set_date) values (422, 73, 40.18, '2016-04-01');
insert into dishes_prices (id, dish_id, price, set_date) values (423, 92, 65.83, '2017-12-24');
insert into dishes_prices (id, dish_id, price, set_date) values (424, 22, 76.78, '2018-04-01');
insert into dishes_prices (id, dish_id, price, set_date) values (425, 83, 80.82, '2017-12-26');
insert into dishes_prices (id, dish_id, price, set_date) values (426, 25, 48.85, '2017-10-31');
insert into dishes_prices (id, dish_id, price, set_date) values (427, 69, 75.16, '2016-11-11');
insert into dishes_prices (id, dish_id, price, set_date) values (428, 52, 32.85, '2017-06-17');
insert into dishes_prices (id, dish_id, price, set_date) values (429, 57, 64.05, '2018-07-03');
insert into dishes_prices (id, dish_id, price, set_date) values (430, 14, 4.97, '2017-01-21');
insert into dishes_prices (id, dish_id, price, set_date) values (431, 98, 23.85, '2016-01-29');
insert into dishes_prices (id, dish_id, price, set_date) values (432, 42, 1.14, '2018-04-22');
insert into dishes_prices (id, dish_id, price, set_date) values (433, 42, 50.62, '2016-03-16');
insert into dishes_prices (id, dish_id, price, set_date) values (434, 15, 48.15, '2016-05-30');
insert into dishes_prices (id, dish_id, price, set_date) values (435, 43, 28.05, '2017-08-23');
insert into dishes_prices (id, dish_id, price, set_date) values (436, 89, 73.8, '2017-10-06');
insert into dishes_prices (id, dish_id, price, set_date) values (437, 34, 69.78, '2016-12-04');
insert into dishes_prices (id, dish_id, price, set_date) values (438, 91, 57.39, '2017-11-27');
insert into dishes_prices (id, dish_id, price, set_date) values (439, 45, 97.83, '2016-03-24');
insert into dishes_prices (id, dish_id, price, set_date) values (440, 20, 59.97, '2016-12-20');
insert into dishes_prices (id, dish_id, price, set_date) values (441, 11, 91.11, '2016-02-25');
insert into dishes_prices (id, dish_id, price, set_date) values (442, 93, 37.37, '2016-12-22');
insert into dishes_prices (id, dish_id, price, set_date) values (443, 63, 56.39, '2017-08-07');
insert into dishes_prices (id, dish_id, price, set_date) values (444, 94, 21.24, '2017-08-04');
insert into dishes_prices (id, dish_id, price, set_date) values (445, 12, 23.61, '2016-03-20');
insert into dishes_prices (id, dish_id, price, set_date) values (446, 8, 91.11, '2018-02-18');
insert into dishes_prices (id, dish_id, price, set_date) values (447, 4, 4.89, '2018-06-09');
insert into dishes_prices (id, dish_id, price, set_date) values (448, 54, 46.27, '2018-06-01');
insert into dishes_prices (id, dish_id, price, set_date) values (449, 86, 32.79, '2017-06-17');
insert into dishes_prices (id, dish_id, price, set_date) values (450, 67, 25.12, '2017-11-03');
insert into dishes_prices (id, dish_id, price, set_date) values (451, 13, 13.75, '2016-11-12');
insert into dishes_prices (id, dish_id, price, set_date) values (452, 73, 70.24, '2017-09-14');
insert into dishes_prices (id, dish_id, price, set_date) values (453, 89, 46.01, '2018-05-16');
insert into dishes_prices (id, dish_id, price, set_date) values (454, 8, 43.51, '2018-03-08');
insert into dishes_prices (id, dish_id, price, set_date) values (455, 53, 12.11, '2017-02-08');
insert into dishes_prices (id, dish_id, price, set_date) values (456, 45, 83.81, '2017-11-29');
insert into dishes_prices (id, dish_id, price, set_date) values (457, 55, 60.37, '2017-12-14');
insert into dishes_prices (id, dish_id, price, set_date) values (458, 29, 18.06, '2017-04-09');
insert into dishes_prices (id, dish_id, price, set_date) values (459, 58, 2.63, '2017-02-14');
insert into dishes_prices (id, dish_id, price, set_date) values (460, 43, 79.99, '2016-11-28');
insert into dishes_prices (id, dish_id, price, set_date) values (461, 31, 80.64, '2017-09-22');
insert into dishes_prices (id, dish_id, price, set_date) values (462, 71, 48.58, '2016-11-10');
insert into dishes_prices (id, dish_id, price, set_date) values (463, 84, 39.93, '2016-12-15');
insert into dishes_prices (id, dish_id, price, set_date) values (464, 30, 57.57, '2017-04-24');
insert into dishes_prices (id, dish_id, price, set_date) values (465, 22, 81.76, '2017-12-23');
insert into dishes_prices (id, dish_id, price, set_date) values (466, 96, 69.18, '2018-03-17');
insert into dishes_prices (id, dish_id, price, set_date) values (467, 48, 60.24, '2016-05-30');
insert into dishes_prices (id, dish_id, price, set_date) values (468, 35, 52.41, '2017-08-08');
insert into dishes_prices (id, dish_id, price, set_date) values (469, 92, 43.26, '2017-04-14');
insert into dishes_prices (id, dish_id, price, set_date) values (470, 58, 18.89, '2018-01-20');
insert into dishes_prices (id, dish_id, price, set_date) values (471, 48, 87.67, '2017-07-31');
insert into dishes_prices (id, dish_id, price, set_date) values (472, 98, 18.12, '2018-06-25');
insert into dishes_prices (id, dish_id, price, set_date) values (473, 84, 11.1, '2016-01-01');
insert into dishes_prices (id, dish_id, price, set_date) values (474, 84, 26.37, '2017-04-29');
insert into dishes_prices (id, dish_id, price, set_date) values (475, 70, 16.44, '2016-11-06');
insert into dishes_prices (id, dish_id, price, set_date) values (476, 72, 87.92, '2016-04-10');
insert into dishes_prices (id, dish_id, price, set_date) values (477, 94, 80.86, '2016-08-07');
insert into dishes_prices (id, dish_id, price, set_date) values (478, 15, 52.39, '2018-06-21');
insert into dishes_prices (id, dish_id, price, set_date) values (479, 68, 21.57, '2018-01-03');
insert into dishes_prices (id, dish_id, price, set_date) values (480, 49, 36.0, '2018-07-09');
insert into dishes_prices (id, dish_id, price, set_date) values (481, 75, 57.66, '2016-10-09');
insert into dishes_prices (id, dish_id, price, set_date) values (482, 74, 86.85, '2016-05-11');
insert into dishes_prices (id, dish_id, price, set_date) values (483, 31, 8.04, '2016-08-27');
insert into dishes_prices (id, dish_id, price, set_date) values (484, 4, 56.54, '2017-11-02');
insert into dishes_prices (id, dish_id, price, set_date) values (485, 14, 20.61, '2016-06-02');
insert into dishes_prices (id, dish_id, price, set_date) values (486, 99, 78.67, '2018-07-01');
insert into dishes_prices (id, dish_id, price, set_date) values (487, 17, 4.99, '2016-08-08');
insert into dishes_prices (id, dish_id, price, set_date) values (488, 53, 40.05, '2017-01-30');
insert into dishes_prices (id, dish_id, price, set_date) values (489, 83, 81.87, '2018-07-07');
insert into dishes_prices (id, dish_id, price, set_date) values (490, 84, 95.22, '2017-02-12');
insert into dishes_prices (id, dish_id, price, set_date) values (491, 83, 92.64, '2017-09-23');
insert into dishes_prices (id, dish_id, price, set_date) values (492, 40, 85.98, '2017-05-21');
insert into dishes_prices (id, dish_id, price, set_date) values (493, 63, 89.83, '2018-03-24');
insert into dishes_prices (id, dish_id, price, set_date) values (494, 53, 77.14, '2017-02-23');
insert into dishes_prices (id, dish_id, price, set_date) values (495, 29, 26.01, '2016-06-17');
insert into dishes_prices (id, dish_id, price, set_date) values (496, 14, 94.07, '2018-03-28');
insert into dishes_prices (id, dish_id, price, set_date) values (497, 45, 26.65, '2017-07-29');
insert into dishes_prices (id, dish_id, price, set_date) values (498, 13, 47.79, '2016-09-10');
insert into dishes_prices (id, dish_id, price, set_date) values (499, 80, 88.67, '2016-02-28');
insert into dishes_prices (id, dish_id, price, set_date) values (500, 65, 53.47, '2017-08-12');

insert into dishes_ingredients (id, ingredient_id, dish_id, quantity) values (1, 80, 77, 39.25);
insert into dishes_ingredients (id, ingredient_id, dish_id, quantity) values (2, 52, 3, 94.82);
insert into dishes_ingredients (id, ingredient_id, dish_id, quantity) values (3, 67, 36, 93.73);
insert into dishes_ingredients (id, ingredient_id, dish_id, quantity) values (4, 93, 77, 66.64);
insert into dishes_ingredients (id, ingredient_id, dish_id, quantity) values (5, 75, 35, 61.8);
insert into dishes_ingredients (id, ingredient_id, dish_id, quantity) values (6, 53, 15, 21.34);
insert into dishes_ingredients (id, ingredient_id, dish_id, quantity) values (7, 30, 70, 62.78);
insert into dishes_ingredients (id, ingredient_id, dish_id, quantity) values (8, 2, 81, 88.77);
insert into dishes_ingredients (id, ingredient_id, dish_id, quantity) values (9, 100, 80, 29.24);
insert into dishes_ingredients (id, ingredient_id, dish_id, quantity) values (10, 23, 58, 68.69);
insert into dishes_ingredients (id, ingredient_id, dish_id, quantity) values (11, 4, 39, 33.34);
insert into dishes_ingredients (id, ingredient_id, dish_id, quantity) values (12, 72, 25, 62.83);
insert into dishes_ingredients (id, ingredient_id, dish_id, quantity) values (13, 2, 27, 80.16);
insert into dishes_ingredients (id, ingredient_id, dish_id, quantity) values (14, 32, 4, 7.14);
insert into dishes_ingredients (id, ingredient_id, dish_id, quantity) values (15, 54, 35, 56.75);
insert into dishes_ingredients (id, ingredient_id, dish_id, quantity) values (16, 89, 2, 29.69);
insert into dishes_ingredients (id, ingredient_id, dish_id, quantity) values (17, 60, 19, 53.0);
insert into dishes_ingredients (id, ingredient_id, dish_id, quantity) values (18, 67, 46, 95.52);
insert into dishes_ingredients (id, ingredient_id, dish_id, quantity) values (19, 52, 99, 92.16);
insert into dishes_ingredients (id, ingredient_id, dish_id, quantity) values (20, 35, 94, 0.76);
insert into dishes_ingredients (id, ingredient_id, dish_id, quantity) values (21, 37, 24, 74.95);
insert into dishes_ingredients (id, ingredient_id, dish_id, quantity) values (22, 39, 47, 41.69);
insert into dishes_ingredients (id, ingredient_id, dish_id, quantity) values (23, 73, 16, 13.88);
insert into dishes_ingredients (id, ingredient_id, dish_id, quantity) values (24, 93, 13, 65.61);
insert into dishes_ingredients (id, ingredient_id, dish_id, quantity) values (25, 31, 92, 92.41);
insert into dishes_ingredients (id, ingredient_id, dish_id, quantity) values (26, 52, 23, 73.14);
insert into dishes_ingredients (id, ingredient_id, dish_id, quantity) values (27, 94, 27, 76.42);
insert into dishes_ingredients (id, ingredient_id, dish_id, quantity) values (28, 45, 15, 69.73);
insert into dishes_ingredients (id, ingredient_id, dish_id, quantity) values (29, 28, 1, 42.97);
insert into dishes_ingredients (id, ingredient_id, dish_id, quantity) values (30, 74, 82, 39.41);
insert into dishes_ingredients (id, ingredient_id, dish_id, quantity) values (31, 62, 87, 47.27);
insert into dishes_ingredients (id, ingredient_id, dish_id, quantity) values (32, 82, 80, 91.84);
insert into dishes_ingredients (id, ingredient_id, dish_id, quantity) values (33, 9, 66, 83.05);
insert into dishes_ingredients (id, ingredient_id, dish_id, quantity) values (34, 11, 35, 70.48);
insert into dishes_ingredients (id, ingredient_id, dish_id, quantity) values (35, 11, 32, 88.99);
insert into dishes_ingredients (id, ingredient_id, dish_id, quantity) values (36, 82, 56, 41.24);
insert into dishes_ingredients (id, ingredient_id, dish_id, quantity) values (37, 4, 58, 84.17);
insert into dishes_ingredients (id, ingredient_id, dish_id, quantity) values (38, 76, 75, 53.83);
insert into dishes_ingredients (id, ingredient_id, dish_id, quantity) values (39, 39, 64, 8.83);
insert into dishes_ingredients (id, ingredient_id, dish_id, quantity) values (40, 28, 6, 39.23);
insert into dishes_ingredients (id, ingredient_id, dish_id, quantity) values (41, 97, 78, 38.19);
insert into dishes_ingredients (id, ingredient_id, dish_id, quantity) values (42, 37, 69, 38.54);
insert into dishes_ingredients (id, ingredient_id, dish_id, quantity) values (43, 93, 8, 29.59);
insert into dishes_ingredients (id, ingredient_id, dish_id, quantity) values (44, 77, 35, 54.86);
insert into dishes_ingredients (id, ingredient_id, dish_id, quantity) values (45, 72, 98, 52.95);
insert into dishes_ingredients (id, ingredient_id, dish_id, quantity) values (46, 84, 39, 94.8);
insert into dishes_ingredients (id, ingredient_id, dish_id, quantity) values (47, 82, 25, 30.78);
insert into dishes_ingredients (id, ingredient_id, dish_id, quantity) values (48, 85, 64, 29.33);
insert into dishes_ingredients (id, ingredient_id, dish_id, quantity) values (49, 44, 1, 58.04);
insert into dishes_ingredients (id, ingredient_id, dish_id, quantity) values (50, 97, 92, 48.4);
insert into dishes_ingredients (id, ingredient_id, dish_id, quantity) values (51, 46, 44, 0.81);
insert into dishes_ingredients (id, ingredient_id, dish_id, quantity) values (52, 18, 24, 47.99);
insert into dishes_ingredients (id, ingredient_id, dish_id, quantity) values (53, 39, 10, 68.81);
insert into dishes_ingredients (id, ingredient_id, dish_id, quantity) values (54, 86, 75, 91.18);
insert into dishes_ingredients (id, ingredient_id, dish_id, quantity) values (55, 93, 14, 95.17);
insert into dishes_ingredients (id, ingredient_id, dish_id, quantity) values (56, 80, 12, 66.91);
insert into dishes_ingredients (id, ingredient_id, dish_id, quantity) values (57, 83, 51, 82.76);
insert into dishes_ingredients (id, ingredient_id, dish_id, quantity) values (58, 34, 60, 85.99);
insert into dishes_ingredients (id, ingredient_id, dish_id, quantity) values (59, 32, 21, 55.37);
insert into dishes_ingredients (id, ingredient_id, dish_id, quantity) values (60, 83, 2, 62.59);
insert into dishes_ingredients (id, ingredient_id, dish_id, quantity) values (61, 43, 4, 32.34);
insert into dishes_ingredients (id, ingredient_id, dish_id, quantity) values (62, 89, 41, 45.57);
insert into dishes_ingredients (id, ingredient_id, dish_id, quantity) values (63, 42, 76, 16.63);
insert into dishes_ingredients (id, ingredient_id, dish_id, quantity) values (64, 51, 83, 94.06);
insert into dishes_ingredients (id, ingredient_id, dish_id, quantity) values (65, 10, 71, 17.86);
insert into dishes_ingredients (id, ingredient_id, dish_id, quantity) values (66, 33, 53, 74.85);
insert into dishes_ingredients (id, ingredient_id, dish_id, quantity) values (67, 53, 73, 62.35);
insert into dishes_ingredients (id, ingredient_id, dish_id, quantity) values (68, 74, 89, 66.37);
insert into dishes_ingredients (id, ingredient_id, dish_id, quantity) values (69, 49, 47, 95.87);
insert into dishes_ingredients (id, ingredient_id, dish_id, quantity) values (70, 17, 17, 80.92);
insert into dishes_ingredients (id, ingredient_id, dish_id, quantity) values (71, 69, 88, 51.23);
insert into dishes_ingredients (id, ingredient_id, dish_id, quantity) values (72, 42, 19, 88.74);
insert into dishes_ingredients (id, ingredient_id, dish_id, quantity) values (73, 67, 14, 30.27);
insert into dishes_ingredients (id, ingredient_id, dish_id, quantity) values (74, 70, 27, 96.45);
insert into dishes_ingredients (id, ingredient_id, dish_id, quantity) values (75, 12, 22, 87.1);
insert into dishes_ingredients (id, ingredient_id, dish_id, quantity) values (76, 47, 58, 95.86);
insert into dishes_ingredients (id, ingredient_id, dish_id, quantity) values (77, 72, 27, 75.37);
insert into dishes_ingredients (id, ingredient_id, dish_id, quantity) values (78, 74, 98, 30.69);
insert into dishes_ingredients (id, ingredient_id, dish_id, quantity) values (79, 97, 74, 68.07);
insert into dishes_ingredients (id, ingredient_id, dish_id, quantity) values (80, 50, 17, 70.54);
insert into dishes_ingredients (id, ingredient_id, dish_id, quantity) values (81, 12, 28, 23.46);
insert into dishes_ingredients (id, ingredient_id, dish_id, quantity) values (82, 23, 56, 12.12);
insert into dishes_ingredients (id, ingredient_id, dish_id, quantity) values (83, 71, 10, 14.9);
insert into dishes_ingredients (id, ingredient_id, dish_id, quantity) values (84, 84, 48, 78.88);
insert into dishes_ingredients (id, ingredient_id, dish_id, quantity) values (85, 14, 63, 53.6);
insert into dishes_ingredients (id, ingredient_id, dish_id, quantity) values (86, 20, 62, 90.2);
insert into dishes_ingredients (id, ingredient_id, dish_id, quantity) values (87, 54, 49, 52.17);
insert into dishes_ingredients (id, ingredient_id, dish_id, quantity) values (88, 30, 42, 22.56);
insert into dishes_ingredients (id, ingredient_id, dish_id, quantity) values (89, 13, 93, 14.77);
insert into dishes_ingredients (id, ingredient_id, dish_id, quantity) values (90, 35, 14, 13.3);
insert into dishes_ingredients (id, ingredient_id, dish_id, quantity) values (91, 62, 35, 71.04);
insert into dishes_ingredients (id, ingredient_id, dish_id, quantity) values (92, 62, 3, 52.14);
insert into dishes_ingredients (id, ingredient_id, dish_id, quantity) values (93, 15, 41, 91.04);
insert into dishes_ingredients (id, ingredient_id, dish_id, quantity) values (94, 23, 99, 64.34);
insert into dishes_ingredients (id, ingredient_id, dish_id, quantity) values (95, 33, 60, 3.12);
insert into dishes_ingredients (id, ingredient_id, dish_id, quantity) values (96, 98, 80, 20.65);
insert into dishes_ingredients (id, ingredient_id, dish_id, quantity) values (97, 67, 80, 94.16);
insert into dishes_ingredients (id, ingredient_id, dish_id, quantity) values (98, 19, 88, 90.91);
insert into dishes_ingredients (id, ingredient_id, dish_id, quantity) values (99, 95, 88, 94.09);
insert into dishes_ingredients (id, ingredient_id, dish_id, quantity) values (100, 82, 54, 62.14);
insert into dishes_ingredients (id, ingredient_id, dish_id, quantity) values (101, 3, 56, 62.11);
insert into dishes_ingredients (id, ingredient_id, dish_id, quantity) values (102, 83, 60, 12.93);
insert into dishes_ingredients (id, ingredient_id, dish_id, quantity) values (103, 96, 68, 56.06);
insert into dishes_ingredients (id, ingredient_id, dish_id, quantity) values (104, 26, 58, 26.23);
insert into dishes_ingredients (id, ingredient_id, dish_id, quantity) values (105, 87, 56, 64.35);
insert into dishes_ingredients (id, ingredient_id, dish_id, quantity) values (106, 85, 91, 67.55);
insert into dishes_ingredients (id, ingredient_id, dish_id, quantity) values (107, 30, 71, 46.89);
insert into dishes_ingredients (id, ingredient_id, dish_id, quantity) values (108, 8, 35, 16.03);
insert into dishes_ingredients (id, ingredient_id, dish_id, quantity) values (109, 71, 40, 83.46);
insert into dishes_ingredients (id, ingredient_id, dish_id, quantity) values (110, 55, 80, 22.32);
insert into dishes_ingredients (id, ingredient_id, dish_id, quantity) values (111, 30, 14, 61.17);
insert into dishes_ingredients (id, ingredient_id, dish_id, quantity) values (112, 23, 98, 10.7);
insert into dishes_ingredients (id, ingredient_id, dish_id, quantity) values (113, 50, 2, 64.18);
insert into dishes_ingredients (id, ingredient_id, dish_id, quantity) values (114, 90, 3, 23.67);
insert into dishes_ingredients (id, ingredient_id, dish_id, quantity) values (115, 86, 82, 35.94);
insert into dishes_ingredients (id, ingredient_id, dish_id, quantity) values (116, 94, 64, 52.73);
insert into dishes_ingredients (id, ingredient_id, dish_id, quantity) values (117, 95, 90, 78.67);
insert into dishes_ingredients (id, ingredient_id, dish_id, quantity) values (118, 77, 5, 93.59);
insert into dishes_ingredients (id, ingredient_id, dish_id, quantity) values (119, 15, 95, 85.1);
insert into dishes_ingredients (id, ingredient_id, dish_id, quantity) values (120, 48, 81, 30.31);
insert into dishes_ingredients (id, ingredient_id, dish_id, quantity) values (121, 92, 85, 74.93);
insert into dishes_ingredients (id, ingredient_id, dish_id, quantity) values (122, 49, 27, 17.96);
insert into dishes_ingredients (id, ingredient_id, dish_id, quantity) values (123, 97, 3, 0.1);
insert into dishes_ingredients (id, ingredient_id, dish_id, quantity) values (124, 46, 41, 63.77);
insert into dishes_ingredients (id, ingredient_id, dish_id, quantity) values (125, 19, 91, 2.23);
insert into dishes_ingredients (id, ingredient_id, dish_id, quantity) values (126, 75, 80, 98.22);
insert into dishes_ingredients (id, ingredient_id, dish_id, quantity) values (127, 31, 71, 94.25);
insert into dishes_ingredients (id, ingredient_id, dish_id, quantity) values (128, 55, 4, 44.1);
insert into dishes_ingredients (id, ingredient_id, dish_id, quantity) values (129, 70, 19, 46.14);
insert into dishes_ingredients (id, ingredient_id, dish_id, quantity) values (130, 19, 60, 36.19);
insert into dishes_ingredients (id, ingredient_id, dish_id, quantity) values (131, 78, 83, 18.08);
insert into dishes_ingredients (id, ingredient_id, dish_id, quantity) values (132, 59, 59, 6.22);
insert into dishes_ingredients (id, ingredient_id, dish_id, quantity) values (133, 82, 5, 14.95);
insert into dishes_ingredients (id, ingredient_id, dish_id, quantity) values (134, 69, 61, 60.3);
insert into dishes_ingredients (id, ingredient_id, dish_id, quantity) values (135, 32, 69, 9.7);
insert into dishes_ingredients (id, ingredient_id, dish_id, quantity) values (136, 79, 57, 11.2);
insert into dishes_ingredients (id, ingredient_id, dish_id, quantity) values (137, 22, 49, 43.54);
insert into dishes_ingredients (id, ingredient_id, dish_id, quantity) values (138, 17, 94, 39.46);
insert into dishes_ingredients (id, ingredient_id, dish_id, quantity) values (139, 76, 6, 95.54);
insert into dishes_ingredients (id, ingredient_id, dish_id, quantity) values (140, 69, 75, 46.44);
insert into dishes_ingredients (id, ingredient_id, dish_id, quantity) values (141, 58, 98, 90.96);
insert into dishes_ingredients (id, ingredient_id, dish_id, quantity) values (142, 63, 16, 82.77);
insert into dishes_ingredients (id, ingredient_id, dish_id, quantity) values (143, 12, 30, 86.46);
insert into dishes_ingredients (id, ingredient_id, dish_id, quantity) values (144, 97, 47, 49.13);
insert into dishes_ingredients (id, ingredient_id, dish_id, quantity) values (145, 30, 66, 36.12);
insert into dishes_ingredients (id, ingredient_id, dish_id, quantity) values (146, 41, 32, 14.89);
insert into dishes_ingredients (id, ingredient_id, dish_id, quantity) values (147, 41, 71, 8.93);
insert into dishes_ingredients (id, ingredient_id, dish_id, quantity) values (148, 88, 86, 59.48);
insert into dishes_ingredients (id, ingredient_id, dish_id, quantity) values (149, 57, 67, 39.4);
insert into dishes_ingredients (id, ingredient_id, dish_id, quantity) values (150, 68, 17, 61.36);
insert into dishes_ingredients (id, ingredient_id, dish_id, quantity) values (151, 51, 99, 85.08);
insert into dishes_ingredients (id, ingredient_id, dish_id, quantity) values (152, 83, 57, 89.39);
insert into dishes_ingredients (id, ingredient_id, dish_id, quantity) values (153, 51, 44, 75.07);
insert into dishes_ingredients (id, ingredient_id, dish_id, quantity) values (154, 18, 40, 7.93);
insert into dishes_ingredients (id, ingredient_id, dish_id, quantity) values (155, 69, 48, 13.6);
insert into dishes_ingredients (id, ingredient_id, dish_id, quantity) values (156, 78, 83, 89.97);
insert into dishes_ingredients (id, ingredient_id, dish_id, quantity) values (157, 93, 65, 11.5);
insert into dishes_ingredients (id, ingredient_id, dish_id, quantity) values (158, 41, 78, 50.78);
insert into dishes_ingredients (id, ingredient_id, dish_id, quantity) values (159, 9, 4, 52.06);
insert into dishes_ingredients (id, ingredient_id, dish_id, quantity) values (160, 54, 86, 12.34);
insert into dishes_ingredients (id, ingredient_id, dish_id, quantity) values (161, 65, 96, 77.66);
insert into dishes_ingredients (id, ingredient_id, dish_id, quantity) values (162, 47, 39, 85.08);
insert into dishes_ingredients (id, ingredient_id, dish_id, quantity) values (163, 79, 1, 63.84);
insert into dishes_ingredients (id, ingredient_id, dish_id, quantity) values (164, 29, 67, 12.29);
insert into dishes_ingredients (id, ingredient_id, dish_id, quantity) values (165, 55, 77, 56.02);
insert into dishes_ingredients (id, ingredient_id, dish_id, quantity) values (166, 42, 3, 79.56);
insert into dishes_ingredients (id, ingredient_id, dish_id, quantity) values (167, 37, 94, 86.22);
insert into dishes_ingredients (id, ingredient_id, dish_id, quantity) values (168, 91, 71, 26.34);
insert into dishes_ingredients (id, ingredient_id, dish_id, quantity) values (169, 86, 41, 34.55);
insert into dishes_ingredients (id, ingredient_id, dish_id, quantity) values (170, 23, 99, 92.49);
insert into dishes_ingredients (id, ingredient_id, dish_id, quantity) values (171, 13, 45, 26.93);
insert into dishes_ingredients (id, ingredient_id, dish_id, quantity) values (172, 50, 20, 95.4);
insert into dishes_ingredients (id, ingredient_id, dish_id, quantity) values (173, 46, 21, 96.05);
insert into dishes_ingredients (id, ingredient_id, dish_id, quantity) values (174, 20, 8, 37.63);
insert into dishes_ingredients (id, ingredient_id, dish_id, quantity) values (175, 6, 96, 66.01);
insert into dishes_ingredients (id, ingredient_id, dish_id, quantity) values (176, 51, 63, 18.18);
insert into dishes_ingredients (id, ingredient_id, dish_id, quantity) values (177, 75, 51, 63.51);
insert into dishes_ingredients (id, ingredient_id, dish_id, quantity) values (178, 68, 69, 31.19);
insert into dishes_ingredients (id, ingredient_id, dish_id, quantity) values (179, 23, 84, 11.54);
insert into dishes_ingredients (id, ingredient_id, dish_id, quantity) values (180, 25, 74, 0.11);
insert into dishes_ingredients (id, ingredient_id, dish_id, quantity) values (181, 39, 6, 44.84);
insert into dishes_ingredients (id, ingredient_id, dish_id, quantity) values (182, 60, 12, 19.27);
insert into dishes_ingredients (id, ingredient_id, dish_id, quantity) values (183, 52, 55, 48.28);
insert into dishes_ingredients (id, ingredient_id, dish_id, quantity) values (184, 27, 98, 37.03);
insert into dishes_ingredients (id, ingredient_id, dish_id, quantity) values (185, 81, 32, 61.82);
insert into dishes_ingredients (id, ingredient_id, dish_id, quantity) values (186, 16, 51, 78.74);
insert into dishes_ingredients (id, ingredient_id, dish_id, quantity) values (187, 38, 69, 51.24);
insert into dishes_ingredients (id, ingredient_id, dish_id, quantity) values (188, 79, 81, 69.99);
insert into dishes_ingredients (id, ingredient_id, dish_id, quantity) values (189, 24, 11, 44.23);
insert into dishes_ingredients (id, ingredient_id, dish_id, quantity) values (190, 21, 14, 6.24);
insert into dishes_ingredients (id, ingredient_id, dish_id, quantity) values (191, 79, 94, 55.04);
insert into dishes_ingredients (id, ingredient_id, dish_id, quantity) values (192, 91, 82, 67.71);
insert into dishes_ingredients (id, ingredient_id, dish_id, quantity) values (193, 98, 61, 8.29);
insert into dishes_ingredients (id, ingredient_id, dish_id, quantity) values (194, 71, 24, 97.96);
insert into dishes_ingredients (id, ingredient_id, dish_id, quantity) values (195, 73, 85, 13.51);
insert into dishes_ingredients (id, ingredient_id, dish_id, quantity) values (196, 89, 60, 23.43);
insert into dishes_ingredients (id, ingredient_id, dish_id, quantity) values (197, 47, 32, 40.95);
insert into dishes_ingredients (id, ingredient_id, dish_id, quantity) values (198, 37, 71, 15.27);
insert into dishes_ingredients (id, ingredient_id, dish_id, quantity) values (199, 34, 13, 36.95);
insert into dishes_ingredients (id, ingredient_id, dish_id, quantity) values (200, 10, 76, 49.55);
insert into dishes_ingredients (id, ingredient_id, dish_id, quantity) values (201, 46, 95, 76.55);
insert into dishes_ingredients (id, ingredient_id, dish_id, quantity) values (202, 14, 7, 49.09);
insert into dishes_ingredients (id, ingredient_id, dish_id, quantity) values (203, 93, 35, 33.71);
insert into dishes_ingredients (id, ingredient_id, dish_id, quantity) values (204, 68, 43, 21.76);
insert into dishes_ingredients (id, ingredient_id, dish_id, quantity) values (205, 96, 99, 6.57);
insert into dishes_ingredients (id, ingredient_id, dish_id, quantity) values (206, 83, 71, 51.4);
insert into dishes_ingredients (id, ingredient_id, dish_id, quantity) values (207, 50, 46, 33.54);
insert into dishes_ingredients (id, ingredient_id, dish_id, quantity) values (208, 48, 63, 77.99);
insert into dishes_ingredients (id, ingredient_id, dish_id, quantity) values (209, 79, 22, 2.75);
insert into dishes_ingredients (id, ingredient_id, dish_id, quantity) values (210, 49, 63, 61.23);
insert into dishes_ingredients (id, ingredient_id, dish_id, quantity) values (211, 64, 58, 73.71);
insert into dishes_ingredients (id, ingredient_id, dish_id, quantity) values (212, 55, 96, 42.93);
insert into dishes_ingredients (id, ingredient_id, dish_id, quantity) values (213, 54, 53, 66.5);
insert into dishes_ingredients (id, ingredient_id, dish_id, quantity) values (214, 73, 100, 92.04);
insert into dishes_ingredients (id, ingredient_id, dish_id, quantity) values (215, 42, 83, 41.48);
insert into dishes_ingredients (id, ingredient_id, dish_id, quantity) values (216, 87, 27, 56.68);
insert into dishes_ingredients (id, ingredient_id, dish_id, quantity) values (217, 12, 29, 84.37);
insert into dishes_ingredients (id, ingredient_id, dish_id, quantity) values (218, 6, 18, 32.11);
insert into dishes_ingredients (id, ingredient_id, dish_id, quantity) values (219, 43, 97, 76.18);
insert into dishes_ingredients (id, ingredient_id, dish_id, quantity) values (220, 48, 54, 5.09);
insert into dishes_ingredients (id, ingredient_id, dish_id, quantity) values (221, 86, 5, 72.48);
insert into dishes_ingredients (id, ingredient_id, dish_id, quantity) values (222, 62, 13, 5.69);
insert into dishes_ingredients (id, ingredient_id, dish_id, quantity) values (223, 56, 61, 60.98);
insert into dishes_ingredients (id, ingredient_id, dish_id, quantity) values (224, 84, 88, 31.54);
insert into dishes_ingredients (id, ingredient_id, dish_id, quantity) values (225, 43, 78, 77.93);
insert into dishes_ingredients (id, ingredient_id, dish_id, quantity) values (226, 57, 69, 53.18);
insert into dishes_ingredients (id, ingredient_id, dish_id, quantity) values (227, 76, 51, 85.59);
insert into dishes_ingredients (id, ingredient_id, dish_id, quantity) values (228, 100, 33, 44.77);
insert into dishes_ingredients (id, ingredient_id, dish_id, quantity) values (229, 20, 67, 89.16);
insert into dishes_ingredients (id, ingredient_id, dish_id, quantity) values (230, 22, 50, 2.55);
insert into dishes_ingredients (id, ingredient_id, dish_id, quantity) values (231, 84, 83, 0.76);
insert into dishes_ingredients (id, ingredient_id, dish_id, quantity) values (232, 58, 32, 51.08);
insert into dishes_ingredients (id, ingredient_id, dish_id, quantity) values (233, 74, 92, 5.92);
insert into dishes_ingredients (id, ingredient_id, dish_id, quantity) values (234, 81, 30, 90.21);
insert into dishes_ingredients (id, ingredient_id, dish_id, quantity) values (235, 44, 51, 91.94);
insert into dishes_ingredients (id, ingredient_id, dish_id, quantity) values (236, 16, 42, 98.72);
insert into dishes_ingredients (id, ingredient_id, dish_id, quantity) values (237, 9, 24, 93.71);
insert into dishes_ingredients (id, ingredient_id, dish_id, quantity) values (238, 72, 87, 7.43);
insert into dishes_ingredients (id, ingredient_id, dish_id, quantity) values (239, 13, 88, 80.44);
insert into dishes_ingredients (id, ingredient_id, dish_id, quantity) values (240, 94, 26, 36.18);
insert into dishes_ingredients (id, ingredient_id, dish_id, quantity) values (241, 38, 16, 91.11);
insert into dishes_ingredients (id, ingredient_id, dish_id, quantity) values (242, 7, 43, 54.39);
insert into dishes_ingredients (id, ingredient_id, dish_id, quantity) values (243, 13, 20, 87.04);
insert into dishes_ingredients (id, ingredient_id, dish_id, quantity) values (244, 29, 75, 5.46);
insert into dishes_ingredients (id, ingredient_id, dish_id, quantity) values (245, 68, 70, 72.14);
insert into dishes_ingredients (id, ingredient_id, dish_id, quantity) values (246, 61, 97, 47.25);
insert into dishes_ingredients (id, ingredient_id, dish_id, quantity) values (247, 28, 23, 73.62);
insert into dishes_ingredients (id, ingredient_id, dish_id, quantity) values (248, 52, 91, 91.88);
insert into dishes_ingredients (id, ingredient_id, dish_id, quantity) values (249, 86, 82, 26.38);
insert into dishes_ingredients (id, ingredient_id, dish_id, quantity) values (250, 32, 55, 82.85);
insert into dishes_ingredients (id, ingredient_id, dish_id, quantity) values (251, 100, 92, 21.76);
insert into dishes_ingredients (id, ingredient_id, dish_id, quantity) values (252, 59, 9, 79.06);
insert into dishes_ingredients (id, ingredient_id, dish_id, quantity) values (253, 96, 49, 87.89);
insert into dishes_ingredients (id, ingredient_id, dish_id, quantity) values (254, 54, 68, 25.85);
insert into dishes_ingredients (id, ingredient_id, dish_id, quantity) values (255, 53, 93, 66.63);
insert into dishes_ingredients (id, ingredient_id, dish_id, quantity) values (256, 6, 8, 64.95);
insert into dishes_ingredients (id, ingredient_id, dish_id, quantity) values (257, 45, 18, 30.34);
insert into dishes_ingredients (id, ingredient_id, dish_id, quantity) values (258, 28, 12, 68.66);
insert into dishes_ingredients (id, ingredient_id, dish_id, quantity) values (259, 80, 87, 28.93);
insert into dishes_ingredients (id, ingredient_id, dish_id, quantity) values (260, 32, 85, 79.43);
insert into dishes_ingredients (id, ingredient_id, dish_id, quantity) values (261, 64, 98, 18.14);
insert into dishes_ingredients (id, ingredient_id, dish_id, quantity) values (262, 11, 62, 27.04);
insert into dishes_ingredients (id, ingredient_id, dish_id, quantity) values (263, 56, 94, 32.17);
insert into dishes_ingredients (id, ingredient_id, dish_id, quantity) values (264, 82, 93, 93.96);
insert into dishes_ingredients (id, ingredient_id, dish_id, quantity) values (265, 91, 14, 21.99);
insert into dishes_ingredients (id, ingredient_id, dish_id, quantity) values (266, 42, 50, 36.57);
insert into dishes_ingredients (id, ingredient_id, dish_id, quantity) values (267, 33, 42, 11.73);
insert into dishes_ingredients (id, ingredient_id, dish_id, quantity) values (268, 60, 75, 14.57);
insert into dishes_ingredients (id, ingredient_id, dish_id, quantity) values (269, 16, 59, 80.62);
insert into dishes_ingredients (id, ingredient_id, dish_id, quantity) values (270, 43, 21, 36.65);
insert into dishes_ingredients (id, ingredient_id, dish_id, quantity) values (271, 55, 39, 90.87);
insert into dishes_ingredients (id, ingredient_id, dish_id, quantity) values (272, 68, 63, 96.05);
insert into dishes_ingredients (id, ingredient_id, dish_id, quantity) values (273, 10, 25, 33.9);
insert into dishes_ingredients (id, ingredient_id, dish_id, quantity) values (274, 1, 74, 1.32);
insert into dishes_ingredients (id, ingredient_id, dish_id, quantity) values (275, 65, 26, 97.32);
insert into dishes_ingredients (id, ingredient_id, dish_id, quantity) values (276, 91, 35, 99.15);
insert into dishes_ingredients (id, ingredient_id, dish_id, quantity) values (277, 35, 75, 47.44);
insert into dishes_ingredients (id, ingredient_id, dish_id, quantity) values (278, 48, 32, 29.76);
insert into dishes_ingredients (id, ingredient_id, dish_id, quantity) values (279, 32, 57, 88.13);
insert into dishes_ingredients (id, ingredient_id, dish_id, quantity) values (280, 12, 30, 74.84);
insert into dishes_ingredients (id, ingredient_id, dish_id, quantity) values (281, 48, 26, 3.23);
insert into dishes_ingredients (id, ingredient_id, dish_id, quantity) values (282, 96, 97, 94.26);
insert into dishes_ingredients (id, ingredient_id, dish_id, quantity) values (283, 38, 7, 3.22);
insert into dishes_ingredients (id, ingredient_id, dish_id, quantity) values (284, 74, 65, 74.76);
insert into dishes_ingredients (id, ingredient_id, dish_id, quantity) values (285, 64, 38, 83.2);
insert into dishes_ingredients (id, ingredient_id, dish_id, quantity) values (286, 87, 81, 13.15);
insert into dishes_ingredients (id, ingredient_id, dish_id, quantity) values (287, 22, 31, 45.63);
insert into dishes_ingredients (id, ingredient_id, dish_id, quantity) values (288, 52, 13, 9.37);
insert into dishes_ingredients (id, ingredient_id, dish_id, quantity) values (289, 78, 27, 52.54);
insert into dishes_ingredients (id, ingredient_id, dish_id, quantity) values (290, 28, 34, 62.49);
insert into dishes_ingredients (id, ingredient_id, dish_id, quantity) values (291, 84, 11, 57.74);
insert into dishes_ingredients (id, ingredient_id, dish_id, quantity) values (292, 89, 57, 96.4);
insert into dishes_ingredients (id, ingredient_id, dish_id, quantity) values (293, 80, 79, 83.11);
insert into dishes_ingredients (id, ingredient_id, dish_id, quantity) values (294, 24, 9, 24.56);
insert into dishes_ingredients (id, ingredient_id, dish_id, quantity) values (295, 13, 60, 97.91);
insert into dishes_ingredients (id, ingredient_id, dish_id, quantity) values (296, 31, 56, 72.9);
insert into dishes_ingredients (id, ingredient_id, dish_id, quantity) values (297, 30, 87, 46.78);
insert into dishes_ingredients (id, ingredient_id, dish_id, quantity) values (298, 81, 74, 84.67);
insert into dishes_ingredients (id, ingredient_id, dish_id, quantity) values (299, 74, 82, 64.19);
insert into dishes_ingredients (id, ingredient_id, dish_id, quantity) values (300, 60, 74, 20.57);
insert into dishes_ingredients (id, ingredient_id, dish_id, quantity) values (301, 63, 66, 58.95);
insert into dishes_ingredients (id, ingredient_id, dish_id, quantity) values (302, 15, 45, 47.88);
insert into dishes_ingredients (id, ingredient_id, dish_id, quantity) values (303, 31, 51, 29.28);
insert into dishes_ingredients (id, ingredient_id, dish_id, quantity) values (304, 64, 83, 43.03);
insert into dishes_ingredients (id, ingredient_id, dish_id, quantity) values (305, 12, 89, 37.66);
insert into dishes_ingredients (id, ingredient_id, dish_id, quantity) values (306, 48, 30, 71.42);
insert into dishes_ingredients (id, ingredient_id, dish_id, quantity) values (307, 97, 37, 4.97);
insert into dishes_ingredients (id, ingredient_id, dish_id, quantity) values (308, 64, 78, 76.67);
insert into dishes_ingredients (id, ingredient_id, dish_id, quantity) values (309, 66, 99, 47.14);
insert into dishes_ingredients (id, ingredient_id, dish_id, quantity) values (310, 21, 63, 95.89);
insert into dishes_ingredients (id, ingredient_id, dish_id, quantity) values (311, 39, 15, 62.18);
insert into dishes_ingredients (id, ingredient_id, dish_id, quantity) values (312, 45, 33, 93.65);
insert into dishes_ingredients (id, ingredient_id, dish_id, quantity) values (313, 84, 79, 6.24);
insert into dishes_ingredients (id, ingredient_id, dish_id, quantity) values (314, 73, 38, 14.1);
insert into dishes_ingredients (id, ingredient_id, dish_id, quantity) values (315, 68, 86, 88.13);
insert into dishes_ingredients (id, ingredient_id, dish_id, quantity) values (316, 84, 63, 14.33);
insert into dishes_ingredients (id, ingredient_id, dish_id, quantity) values (317, 73, 32, 6.87);
insert into dishes_ingredients (id, ingredient_id, dish_id, quantity) values (318, 74, 56, 69.7);
insert into dishes_ingredients (id, ingredient_id, dish_id, quantity) values (319, 33, 3, 84.45);
insert into dishes_ingredients (id, ingredient_id, dish_id, quantity) values (320, 64, 44, 6.8);
insert into dishes_ingredients (id, ingredient_id, dish_id, quantity) values (321, 30, 52, 80.25);
insert into dishes_ingredients (id, ingredient_id, dish_id, quantity) values (322, 3, 31, 55.34);
insert into dishes_ingredients (id, ingredient_id, dish_id, quantity) values (323, 89, 20, 68.92);
insert into dishes_ingredients (id, ingredient_id, dish_id, quantity) values (324, 2, 50, 31.08);
insert into dishes_ingredients (id, ingredient_id, dish_id, quantity) values (325, 27, 15, 26.65);
insert into dishes_ingredients (id, ingredient_id, dish_id, quantity) values (326, 98, 1, 29.3);
insert into dishes_ingredients (id, ingredient_id, dish_id, quantity) values (327, 88, 6, 90.58);
insert into dishes_ingredients (id, ingredient_id, dish_id, quantity) values (328, 25, 12, 45.53);
insert into dishes_ingredients (id, ingredient_id, dish_id, quantity) values (329, 75, 65, 96.86);
insert into dishes_ingredients (id, ingredient_id, dish_id, quantity) values (330, 30, 60, 19.42);
insert into dishes_ingredients (id, ingredient_id, dish_id, quantity) values (331, 79, 31, 61.94);
insert into dishes_ingredients (id, ingredient_id, dish_id, quantity) values (332, 72, 31, 33.83);
insert into dishes_ingredients (id, ingredient_id, dish_id, quantity) values (333, 68, 92, 77.7);
insert into dishes_ingredients (id, ingredient_id, dish_id, quantity) values (334, 53, 18, 75.97);
insert into dishes_ingredients (id, ingredient_id, dish_id, quantity) values (335, 37, 68, 44.35);
insert into dishes_ingredients (id, ingredient_id, dish_id, quantity) values (336, 37, 15, 64.17);
insert into dishes_ingredients (id, ingredient_id, dish_id, quantity) values (337, 80, 99, 6.97);
insert into dishes_ingredients (id, ingredient_id, dish_id, quantity) values (338, 74, 51, 21.05);
insert into dishes_ingredients (id, ingredient_id, dish_id, quantity) values (339, 23, 42, 61.99);
insert into dishes_ingredients (id, ingredient_id, dish_id, quantity) values (340, 38, 59, 12.22);
insert into dishes_ingredients (id, ingredient_id, dish_id, quantity) values (341, 30, 92, 61.79);
insert into dishes_ingredients (id, ingredient_id, dish_id, quantity) values (342, 82, 68, 2.69);
insert into dishes_ingredients (id, ingredient_id, dish_id, quantity) values (343, 91, 30, 34.51);
insert into dishes_ingredients (id, ingredient_id, dish_id, quantity) values (344, 53, 31, 73.29);
insert into dishes_ingredients (id, ingredient_id, dish_id, quantity) values (345, 37, 27, 97.28);
insert into dishes_ingredients (id, ingredient_id, dish_id, quantity) values (346, 28, 22, 59.27);
insert into dishes_ingredients (id, ingredient_id, dish_id, quantity) values (347, 96, 1, 57.73);
insert into dishes_ingredients (id, ingredient_id, dish_id, quantity) values (348, 60, 78, 76.7);
insert into dishes_ingredients (id, ingredient_id, dish_id, quantity) values (349, 97, 54, 47.9);
insert into dishes_ingredients (id, ingredient_id, dish_id, quantity) values (350, 61, 25, 88.34);
insert into dishes_ingredients (id, ingredient_id, dish_id, quantity) values (351, 25, 32, 56.12);
insert into dishes_ingredients (id, ingredient_id, dish_id, quantity) values (352, 45, 21, 15.75);
insert into dishes_ingredients (id, ingredient_id, dish_id, quantity) values (353, 28, 41, 76.11);
insert into dishes_ingredients (id, ingredient_id, dish_id, quantity) values (354, 7, 87, 76.91);
insert into dishes_ingredients (id, ingredient_id, dish_id, quantity) values (355, 61, 86, 10.15);
insert into dishes_ingredients (id, ingredient_id, dish_id, quantity) values (356, 69, 67, 48.73);
insert into dishes_ingredients (id, ingredient_id, dish_id, quantity) values (357, 57, 27, 60.38);
insert into dishes_ingredients (id, ingredient_id, dish_id, quantity) values (358, 21, 53, 57.09);
insert into dishes_ingredients (id, ingredient_id, dish_id, quantity) values (359, 45, 98, 7.27);
insert into dishes_ingredients (id, ingredient_id, dish_id, quantity) values (360, 32, 41, 4.93);
insert into dishes_ingredients (id, ingredient_id, dish_id, quantity) values (361, 97, 99, 9.64);
insert into dishes_ingredients (id, ingredient_id, dish_id, quantity) values (362, 88, 7, 85.74);
insert into dishes_ingredients (id, ingredient_id, dish_id, quantity) values (363, 93, 19, 22.51);
insert into dishes_ingredients (id, ingredient_id, dish_id, quantity) values (364, 54, 33, 58.84);
insert into dishes_ingredients (id, ingredient_id, dish_id, quantity) values (365, 72, 99, 3.13);
insert into dishes_ingredients (id, ingredient_id, dish_id, quantity) values (366, 59, 67, 24.47);
insert into dishes_ingredients (id, ingredient_id, dish_id, quantity) values (367, 45, 20, 57.96);
insert into dishes_ingredients (id, ingredient_id, dish_id, quantity) values (368, 82, 4, 60.32);
insert into dishes_ingredients (id, ingredient_id, dish_id, quantity) values (369, 32, 11, 42.89);
insert into dishes_ingredients (id, ingredient_id, dish_id, quantity) values (370, 82, 100, 43.42);
insert into dishes_ingredients (id, ingredient_id, dish_id, quantity) values (371, 80, 74, 97.06);
insert into dishes_ingredients (id, ingredient_id, dish_id, quantity) values (372, 66, 77, 21.55);
insert into dishes_ingredients (id, ingredient_id, dish_id, quantity) values (373, 49, 93, 77.85);
insert into dishes_ingredients (id, ingredient_id, dish_id, quantity) values (374, 34, 48, 77.55);
insert into dishes_ingredients (id, ingredient_id, dish_id, quantity) values (375, 45, 51, 2.35);
insert into dishes_ingredients (id, ingredient_id, dish_id, quantity) values (376, 23, 42, 36.96);
insert into dishes_ingredients (id, ingredient_id, dish_id, quantity) values (377, 34, 51, 20.56);
insert into dishes_ingredients (id, ingredient_id, dish_id, quantity) values (378, 28, 78, 2.83);
insert into dishes_ingredients (id, ingredient_id, dish_id, quantity) values (379, 86, 7, 46.66);
insert into dishes_ingredients (id, ingredient_id, dish_id, quantity) values (380, 32, 2, 45.76);
insert into dishes_ingredients (id, ingredient_id, dish_id, quantity) values (381, 69, 94, 88.58);
insert into dishes_ingredients (id, ingredient_id, dish_id, quantity) values (382, 17, 86, 15.86);
insert into dishes_ingredients (id, ingredient_id, dish_id, quantity) values (383, 68, 18, 59.08);
insert into dishes_ingredients (id, ingredient_id, dish_id, quantity) values (384, 65, 45, 82.44);
insert into dishes_ingredients (id, ingredient_id, dish_id, quantity) values (385, 74, 30, 65.32);
insert into dishes_ingredients (id, ingredient_id, dish_id, quantity) values (386, 38, 42, 51.38);
insert into dishes_ingredients (id, ingredient_id, dish_id, quantity) values (387, 61, 59, 97.22);
insert into dishes_ingredients (id, ingredient_id, dish_id, quantity) values (388, 6, 54, 13.06);
insert into dishes_ingredients (id, ingredient_id, dish_id, quantity) values (389, 49, 55, 48.39);
insert into dishes_ingredients (id, ingredient_id, dish_id, quantity) values (390, 68, 87, 63.98);
insert into dishes_ingredients (id, ingredient_id, dish_id, quantity) values (391, 22, 26, 13.95);
insert into dishes_ingredients (id, ingredient_id, dish_id, quantity) values (392, 7, 7, 51.16);
insert into dishes_ingredients (id, ingredient_id, dish_id, quantity) values (393, 49, 41, 73.73);
insert into dishes_ingredients (id, ingredient_id, dish_id, quantity) values (394, 78, 51, 11.39);
insert into dishes_ingredients (id, ingredient_id, dish_id, quantity) values (395, 83, 40, 2.55);
insert into dishes_ingredients (id, ingredient_id, dish_id, quantity) values (396, 8, 65, 27.97);
insert into dishes_ingredients (id, ingredient_id, dish_id, quantity) values (397, 43, 22, 10.17);
insert into dishes_ingredients (id, ingredient_id, dish_id, quantity) values (398, 37, 27, 38.9);
insert into dishes_ingredients (id, ingredient_id, dish_id, quantity) values (399, 65, 27, 82.96);
insert into dishes_ingredients (id, ingredient_id, dish_id, quantity) values (400, 41, 72, 47.31);
insert into dishes_ingredients (id, ingredient_id, dish_id, quantity) values (401, 58, 46, 71.16);
insert into dishes_ingredients (id, ingredient_id, dish_id, quantity) values (402, 60, 15, 58.05);
insert into dishes_ingredients (id, ingredient_id, dish_id, quantity) values (403, 12, 62, 87.87);
insert into dishes_ingredients (id, ingredient_id, dish_id, quantity) values (404, 31, 6, 66.93);
insert into dishes_ingredients (id, ingredient_id, dish_id, quantity) values (405, 63, 78, 74.43);
insert into dishes_ingredients (id, ingredient_id, dish_id, quantity) values (406, 47, 7, 63.71);
insert into dishes_ingredients (id, ingredient_id, dish_id, quantity) values (407, 85, 75, 25.38);
insert into dishes_ingredients (id, ingredient_id, dish_id, quantity) values (408, 78, 98, 79.48);
insert into dishes_ingredients (id, ingredient_id, dish_id, quantity) values (409, 25, 66, 11.53);
insert into dishes_ingredients (id, ingredient_id, dish_id, quantity) values (410, 32, 3, 49.69);
insert into dishes_ingredients (id, ingredient_id, dish_id, quantity) values (411, 34, 19, 42.94);
insert into dishes_ingredients (id, ingredient_id, dish_id, quantity) values (412, 99, 1, 18.59);
insert into dishes_ingredients (id, ingredient_id, dish_id, quantity) values (413, 13, 6, 10.56);
insert into dishes_ingredients (id, ingredient_id, dish_id, quantity) values (414, 31, 90, 26.3);
insert into dishes_ingredients (id, ingredient_id, dish_id, quantity) values (415, 67, 10, 71.92);
insert into dishes_ingredients (id, ingredient_id, dish_id, quantity) values (416, 41, 40, 95.69);
insert into dishes_ingredients (id, ingredient_id, dish_id, quantity) values (417, 94, 73, 13.61);
insert into dishes_ingredients (id, ingredient_id, dish_id, quantity) values (418, 44, 65, 72.52);
insert into dishes_ingredients (id, ingredient_id, dish_id, quantity) values (419, 72, 62, 52.61);
insert into dishes_ingredients (id, ingredient_id, dish_id, quantity) values (420, 23, 54, 97.96);
insert into dishes_ingredients (id, ingredient_id, dish_id, quantity) values (421, 37, 63, 20.2);
insert into dishes_ingredients (id, ingredient_id, dish_id, quantity) values (422, 13, 86, 40.32);
insert into dishes_ingredients (id, ingredient_id, dish_id, quantity) values (423, 39, 53, 73.43);
insert into dishes_ingredients (id, ingredient_id, dish_id, quantity) values (424, 67, 24, 62.56);
insert into dishes_ingredients (id, ingredient_id, dish_id, quantity) values (425, 29, 18, 17.65);
insert into dishes_ingredients (id, ingredient_id, dish_id, quantity) values (426, 84, 23, 45.08);
insert into dishes_ingredients (id, ingredient_id, dish_id, quantity) values (427, 23, 60, 72.81);
insert into dishes_ingredients (id, ingredient_id, dish_id, quantity) values (428, 73, 19, 90.45);
insert into dishes_ingredients (id, ingredient_id, dish_id, quantity) values (429, 98, 45, 23.79);
insert into dishes_ingredients (id, ingredient_id, dish_id, quantity) values (430, 83, 56, 27.4);
insert into dishes_ingredients (id, ingredient_id, dish_id, quantity) values (431, 56, 69, 46.42);
insert into dishes_ingredients (id, ingredient_id, dish_id, quantity) values (432, 13, 34, 45.37);
insert into dishes_ingredients (id, ingredient_id, dish_id, quantity) values (433, 6, 95, 42.32);
insert into dishes_ingredients (id, ingredient_id, dish_id, quantity) values (434, 70, 91, 43.04);
insert into dishes_ingredients (id, ingredient_id, dish_id, quantity) values (435, 76, 8, 83.7);
insert into dishes_ingredients (id, ingredient_id, dish_id, quantity) values (436, 91, 27, 23.34);
insert into dishes_ingredients (id, ingredient_id, dish_id, quantity) values (437, 12, 79, 24.03);
insert into dishes_ingredients (id, ingredient_id, dish_id, quantity) values (438, 29, 80, 62.4);
insert into dishes_ingredients (id, ingredient_id, dish_id, quantity) values (439, 7, 25, 26.87);
insert into dishes_ingredients (id, ingredient_id, dish_id, quantity) values (440, 7, 75, 38.17);
insert into dishes_ingredients (id, ingredient_id, dish_id, quantity) values (441, 41, 68, 75.91);
insert into dishes_ingredients (id, ingredient_id, dish_id, quantity) values (442, 76, 97, 89.03);
insert into dishes_ingredients (id, ingredient_id, dish_id, quantity) values (443, 81, 86, 77.76);
insert into dishes_ingredients (id, ingredient_id, dish_id, quantity) values (444, 69, 100, 44.32);
insert into dishes_ingredients (id, ingredient_id, dish_id, quantity) values (445, 100, 72, 62.01);
insert into dishes_ingredients (id, ingredient_id, dish_id, quantity) values (446, 14, 50, 98.57);
insert into dishes_ingredients (id, ingredient_id, dish_id, quantity) values (447, 32, 95, 23.35);
insert into dishes_ingredients (id, ingredient_id, dish_id, quantity) values (448, 65, 77, 32.29);
insert into dishes_ingredients (id, ingredient_id, dish_id, quantity) values (449, 2, 3, 89.61);
insert into dishes_ingredients (id, ingredient_id, dish_id, quantity) values (450, 82, 78, 83.68);
insert into dishes_ingredients (id, ingredient_id, dish_id, quantity) values (451, 98, 87, 80.66);
insert into dishes_ingredients (id, ingredient_id, dish_id, quantity) values (452, 97, 43, 24.4);
insert into dishes_ingredients (id, ingredient_id, dish_id, quantity) values (453, 43, 75, 97.54);
insert into dishes_ingredients (id, ingredient_id, dish_id, quantity) values (454, 32, 82, 86.97);
insert into dishes_ingredients (id, ingredient_id, dish_id, quantity) values (455, 95, 77, 74.17);
insert into dishes_ingredients (id, ingredient_id, dish_id, quantity) values (456, 51, 91, 8.94);
insert into dishes_ingredients (id, ingredient_id, dish_id, quantity) values (457, 12, 59, 54.52);
insert into dishes_ingredients (id, ingredient_id, dish_id, quantity) values (458, 52, 33, 68.14);
insert into dishes_ingredients (id, ingredient_id, dish_id, quantity) values (459, 95, 44, 94.97);
insert into dishes_ingredients (id, ingredient_id, dish_id, quantity) values (460, 75, 60, 6.88);
insert into dishes_ingredients (id, ingredient_id, dish_id, quantity) values (461, 98, 68, 26.64);
insert into dishes_ingredients (id, ingredient_id, dish_id, quantity) values (462, 49, 77, 85.3);
insert into dishes_ingredients (id, ingredient_id, dish_id, quantity) values (463, 82, 17, 69.11);
insert into dishes_ingredients (id, ingredient_id, dish_id, quantity) values (464, 63, 86, 73.85);
insert into dishes_ingredients (id, ingredient_id, dish_id, quantity) values (465, 6, 91, 54.57);
insert into dishes_ingredients (id, ingredient_id, dish_id, quantity) values (466, 30, 32, 21.45);
insert into dishes_ingredients (id, ingredient_id, dish_id, quantity) values (467, 64, 32, 4.85);
insert into dishes_ingredients (id, ingredient_id, dish_id, quantity) values (468, 60, 73, 32.04);
insert into dishes_ingredients (id, ingredient_id, dish_id, quantity) values (469, 88, 98, 53.23);
insert into dishes_ingredients (id, ingredient_id, dish_id, quantity) values (470, 14, 84, 67.18);
insert into dishes_ingredients (id, ingredient_id, dish_id, quantity) values (471, 53, 43, 51.66);
insert into dishes_ingredients (id, ingredient_id, dish_id, quantity) values (472, 60, 86, 13.19);
insert into dishes_ingredients (id, ingredient_id, dish_id, quantity) values (473, 61, 40, 9.02);
insert into dishes_ingredients (id, ingredient_id, dish_id, quantity) values (474, 2, 25, 77.68);
insert into dishes_ingredients (id, ingredient_id, dish_id, quantity) values (475, 74, 38, 5.23);
insert into dishes_ingredients (id, ingredient_id, dish_id, quantity) values (476, 18, 72, 61.03);
insert into dishes_ingredients (id, ingredient_id, dish_id, quantity) values (477, 29, 100, 59.64);
insert into dishes_ingredients (id, ingredient_id, dish_id, quantity) values (478, 91, 28, 12.14);
insert into dishes_ingredients (id, ingredient_id, dish_id, quantity) values (479, 52, 42, 47.73);
insert into dishes_ingredients (id, ingredient_id, dish_id, quantity) values (480, 7, 7, 36.75);
insert into dishes_ingredients (id, ingredient_id, dish_id, quantity) values (481, 55, 62, 34.09);
insert into dishes_ingredients (id, ingredient_id, dish_id, quantity) values (482, 47, 10, 81.74);
insert into dishes_ingredients (id, ingredient_id, dish_id, quantity) values (483, 15, 72, 25.8);
insert into dishes_ingredients (id, ingredient_id, dish_id, quantity) values (484, 89, 21, 5.65);
insert into dishes_ingredients (id, ingredient_id, dish_id, quantity) values (485, 41, 15, 21.36);
insert into dishes_ingredients (id, ingredient_id, dish_id, quantity) values (486, 67, 72, 98.83);
insert into dishes_ingredients (id, ingredient_id, dish_id, quantity) values (487, 78, 81, 19.36);
insert into dishes_ingredients (id, ingredient_id, dish_id, quantity) values (488, 74, 48, 22.4);
insert into dishes_ingredients (id, ingredient_id, dish_id, quantity) values (489, 73, 8, 93.51);
insert into dishes_ingredients (id, ingredient_id, dish_id, quantity) values (490, 13, 9, 82.07);
insert into dishes_ingredients (id, ingredient_id, dish_id, quantity) values (491, 38, 21, 31.97);
insert into dishes_ingredients (id, ingredient_id, dish_id, quantity) values (492, 29, 26, 52.23);
insert into dishes_ingredients (id, ingredient_id, dish_id, quantity) values (493, 81, 11, 61.81);
insert into dishes_ingredients (id, ingredient_id, dish_id, quantity) values (494, 40, 29, 5.54);
insert into dishes_ingredients (id, ingredient_id, dish_id, quantity) values (495, 55, 37, 22.35);
insert into dishes_ingredients (id, ingredient_id, dish_id, quantity) values (496, 95, 16, 9.92);
insert into dishes_ingredients (id, ingredient_id, dish_id, quantity) values (497, 96, 19, 5.79);
insert into dishes_ingredients (id, ingredient_id, dish_id, quantity) values (498, 79, 39, 56.15);
insert into dishes_ingredients (id, ingredient_id, dish_id, quantity) values (499, 30, 28, 76.59);
insert into dishes_ingredients (id, ingredient_id, dish_id, quantity) values (500, 96, 99, 28.38);
insert into dishes_ingredients (id, ingredient_id, dish_id, quantity) values (501, 63, 2, 94.09);
insert into dishes_ingredients (id, ingredient_id, dish_id, quantity) values (502, 21, 89, 53.48);
insert into dishes_ingredients (id, ingredient_id, dish_id, quantity) values (503, 78, 19, 38.75);
insert into dishes_ingredients (id, ingredient_id, dish_id, quantity) values (504, 73, 67, 86.27);
insert into dishes_ingredients (id, ingredient_id, dish_id, quantity) values (505, 57, 51, 71.02);
insert into dishes_ingredients (id, ingredient_id, dish_id, quantity) values (506, 90, 62, 78.1);
insert into dishes_ingredients (id, ingredient_id, dish_id, quantity) values (507, 65, 69, 42.47);
insert into dishes_ingredients (id, ingredient_id, dish_id, quantity) values (508, 92, 60, 39.65);
insert into dishes_ingredients (id, ingredient_id, dish_id, quantity) values (509, 50, 69, 63.51);
insert into dishes_ingredients (id, ingredient_id, dish_id, quantity) values (510, 98, 75, 1.65);
insert into dishes_ingredients (id, ingredient_id, dish_id, quantity) values (511, 5, 47, 22.03);
insert into dishes_ingredients (id, ingredient_id, dish_id, quantity) values (512, 38, 70, 36.89);
insert into dishes_ingredients (id, ingredient_id, dish_id, quantity) values (513, 60, 77, 28.05);
insert into dishes_ingredients (id, ingredient_id, dish_id, quantity) values (514, 56, 74, 18.33);
insert into dishes_ingredients (id, ingredient_id, dish_id, quantity) values (515, 47, 91, 67.12);
insert into dishes_ingredients (id, ingredient_id, dish_id, quantity) values (516, 19, 45, 46.23);
insert into dishes_ingredients (id, ingredient_id, dish_id, quantity) values (517, 86, 22, 94.92);
insert into dishes_ingredients (id, ingredient_id, dish_id, quantity) values (518, 85, 19, 87.74);
insert into dishes_ingredients (id, ingredient_id, dish_id, quantity) values (519, 6, 42, 44.48);
insert into dishes_ingredients (id, ingredient_id, dish_id, quantity) values (520, 38, 67, 87.42);
insert into dishes_ingredients (id, ingredient_id, dish_id, quantity) values (521, 41, 53, 68.63);
insert into dishes_ingredients (id, ingredient_id, dish_id, quantity) values (522, 77, 14, 48.39);
insert into dishes_ingredients (id, ingredient_id, dish_id, quantity) values (523, 47, 87, 7.58);
insert into dishes_ingredients (id, ingredient_id, dish_id, quantity) values (524, 16, 66, 1.8);
insert into dishes_ingredients (id, ingredient_id, dish_id, quantity) values (525, 23, 63, 80.79);
insert into dishes_ingredients (id, ingredient_id, dish_id, quantity) values (526, 96, 75, 51.03);
insert into dishes_ingredients (id, ingredient_id, dish_id, quantity) values (527, 4, 20, 84.45);
insert into dishes_ingredients (id, ingredient_id, dish_id, quantity) values (528, 52, 83, 7.08);
insert into dishes_ingredients (id, ingredient_id, dish_id, quantity) values (529, 48, 38, 26.27);
insert into dishes_ingredients (id, ingredient_id, dish_id, quantity) values (530, 77, 70, 58.3);
insert into dishes_ingredients (id, ingredient_id, dish_id, quantity) values (531, 62, 12, 13.44);
insert into dishes_ingredients (id, ingredient_id, dish_id, quantity) values (532, 56, 12, 59.35);
insert into dishes_ingredients (id, ingredient_id, dish_id, quantity) values (533, 21, 45, 32.77);
insert into dishes_ingredients (id, ingredient_id, dish_id, quantity) values (534, 15, 36, 0.52);
insert into dishes_ingredients (id, ingredient_id, dish_id, quantity) values (535, 91, 97, 68.37);
insert into dishes_ingredients (id, ingredient_id, dish_id, quantity) values (536, 19, 94, 62.9);
insert into dishes_ingredients (id, ingredient_id, dish_id, quantity) values (537, 26, 80, 93.18);
insert into dishes_ingredients (id, ingredient_id, dish_id, quantity) values (538, 85, 94, 81.88);
insert into dishes_ingredients (id, ingredient_id, dish_id, quantity) values (539, 92, 21, 32.28);
insert into dishes_ingredients (id, ingredient_id, dish_id, quantity) values (540, 30, 70, 85.91);
insert into dishes_ingredients (id, ingredient_id, dish_id, quantity) values (541, 57, 32, 40.24);
insert into dishes_ingredients (id, ingredient_id, dish_id, quantity) values (542, 52, 34, 61.98);
insert into dishes_ingredients (id, ingredient_id, dish_id, quantity) values (543, 90, 38, 46.82);
insert into dishes_ingredients (id, ingredient_id, dish_id, quantity) values (544, 92, 38, 92.48);
insert into dishes_ingredients (id, ingredient_id, dish_id, quantity) values (545, 90, 31, 75.55);
insert into dishes_ingredients (id, ingredient_id, dish_id, quantity) values (546, 31, 3, 42.68);
insert into dishes_ingredients (id, ingredient_id, dish_id, quantity) values (547, 4, 63, 34.65);
insert into dishes_ingredients (id, ingredient_id, dish_id, quantity) values (548, 33, 41, 75.88);
insert into dishes_ingredients (id, ingredient_id, dish_id, quantity) values (549, 8, 40, 7.97);
insert into dishes_ingredients (id, ingredient_id, dish_id, quantity) values (550, 92, 88, 57.55);
insert into dishes_ingredients (id, ingredient_id, dish_id, quantity) values (551, 53, 46, 72.28);
insert into dishes_ingredients (id, ingredient_id, dish_id, quantity) values (552, 51, 58, 60.54);
insert into dishes_ingredients (id, ingredient_id, dish_id, quantity) values (553, 71, 67, 47.25);
insert into dishes_ingredients (id, ingredient_id, dish_id, quantity) values (554, 58, 8, 26.49);
insert into dishes_ingredients (id, ingredient_id, dish_id, quantity) values (555, 84, 92, 78.41);
insert into dishes_ingredients (id, ingredient_id, dish_id, quantity) values (556, 71, 79, 96.09);
insert into dishes_ingredients (id, ingredient_id, dish_id, quantity) values (557, 24, 76, 82.72);
insert into dishes_ingredients (id, ingredient_id, dish_id, quantity) values (558, 100, 23, 52.05);
insert into dishes_ingredients (id, ingredient_id, dish_id, quantity) values (559, 73, 70, 61.26);
insert into dishes_ingredients (id, ingredient_id, dish_id, quantity) values (560, 7, 89, 57.15);
insert into dishes_ingredients (id, ingredient_id, dish_id, quantity) values (561, 52, 72, 40.55);
insert into dishes_ingredients (id, ingredient_id, dish_id, quantity) values (562, 44, 25, 10.52);
insert into dishes_ingredients (id, ingredient_id, dish_id, quantity) values (563, 89, 1, 69.13);
insert into dishes_ingredients (id, ingredient_id, dish_id, quantity) values (564, 94, 39, 76.94);
insert into dishes_ingredients (id, ingredient_id, dish_id, quantity) values (565, 59, 61, 29.9);
insert into dishes_ingredients (id, ingredient_id, dish_id, quantity) values (566, 85, 12, 30.46);
insert into dishes_ingredients (id, ingredient_id, dish_id, quantity) values (567, 24, 6, 80.77);
insert into dishes_ingredients (id, ingredient_id, dish_id, quantity) values (568, 21, 96, 54.99);
insert into dishes_ingredients (id, ingredient_id, dish_id, quantity) values (569, 12, 98, 17.39);
insert into dishes_ingredients (id, ingredient_id, dish_id, quantity) values (570, 32, 13, 76.52);
insert into dishes_ingredients (id, ingredient_id, dish_id, quantity) values (571, 22, 58, 38.0);
insert into dishes_ingredients (id, ingredient_id, dish_id, quantity) values (572, 28, 73, 22.17);
insert into dishes_ingredients (id, ingredient_id, dish_id, quantity) values (573, 45, 37, 2.71);
insert into dishes_ingredients (id, ingredient_id, dish_id, quantity) values (574, 26, 66, 15.88);
insert into dishes_ingredients (id, ingredient_id, dish_id, quantity) values (575, 72, 70, 61.65);
insert into dishes_ingredients (id, ingredient_id, dish_id, quantity) values (576, 56, 39, 76.78);
insert into dishes_ingredients (id, ingredient_id, dish_id, quantity) values (577, 35, 14, 3.13);
insert into dishes_ingredients (id, ingredient_id, dish_id, quantity) values (578, 60, 49, 49.47);
insert into dishes_ingredients (id, ingredient_id, dish_id, quantity) values (579, 4, 100, 18.59);
insert into dishes_ingredients (id, ingredient_id, dish_id, quantity) values (580, 75, 24, 69.09);
insert into dishes_ingredients (id, ingredient_id, dish_id, quantity) values (581, 59, 74, 55.8);
insert into dishes_ingredients (id, ingredient_id, dish_id, quantity) values (582, 73, 55, 34.56);
insert into dishes_ingredients (id, ingredient_id, dish_id, quantity) values (583, 94, 89, 73.63);
insert into dishes_ingredients (id, ingredient_id, dish_id, quantity) values (584, 24, 79, 7.72);
insert into dishes_ingredients (id, ingredient_id, dish_id, quantity) values (585, 51, 28, 70.51);
insert into dishes_ingredients (id, ingredient_id, dish_id, quantity) values (586, 45, 38, 0.37);
insert into dishes_ingredients (id, ingredient_id, dish_id, quantity) values (587, 86, 70, 33.65);
insert into dishes_ingredients (id, ingredient_id, dish_id, quantity) values (588, 73, 99, 38.02);
insert into dishes_ingredients (id, ingredient_id, dish_id, quantity) values (589, 24, 69, 42.87);
insert into dishes_ingredients (id, ingredient_id, dish_id, quantity) values (590, 37, 24, 98.46);
insert into dishes_ingredients (id, ingredient_id, dish_id, quantity) values (591, 23, 33, 9.85);
insert into dishes_ingredients (id, ingredient_id, dish_id, quantity) values (592, 54, 41, 9.97);
insert into dishes_ingredients (id, ingredient_id, dish_id, quantity) values (593, 92, 34, 62.57);
insert into dishes_ingredients (id, ingredient_id, dish_id, quantity) values (594, 70, 90, 9.01);
insert into dishes_ingredients (id, ingredient_id, dish_id, quantity) values (595, 56, 19, 39.39);
insert into dishes_ingredients (id, ingredient_id, dish_id, quantity) values (596, 81, 76, 18.66);
insert into dishes_ingredients (id, ingredient_id, dish_id, quantity) values (597, 34, 70, 85.59);
insert into dishes_ingredients (id, ingredient_id, dish_id, quantity) values (598, 68, 14, 81.06);
insert into dishes_ingredients (id, ingredient_id, dish_id, quantity) values (599, 77, 13, 26.25);
insert into dishes_ingredients (id, ingredient_id, dish_id, quantity) values (600, 97, 95, 75.57);
insert into dishes_ingredients (id, ingredient_id, dish_id, quantity) values (601, 17, 38, 33.42);
insert into dishes_ingredients (id, ingredient_id, dish_id, quantity) values (602, 70, 41, 81.89);
insert into dishes_ingredients (id, ingredient_id, dish_id, quantity) values (603, 91, 2, 3.86);
insert into dishes_ingredients (id, ingredient_id, dish_id, quantity) values (604, 74, 62, 2.65);
insert into dishes_ingredients (id, ingredient_id, dish_id, quantity) values (605, 100, 77, 45.8);
insert into dishes_ingredients (id, ingredient_id, dish_id, quantity) values (606, 49, 45, 29.64);
insert into dishes_ingredients (id, ingredient_id, dish_id, quantity) values (607, 11, 42, 18.77);
insert into dishes_ingredients (id, ingredient_id, dish_id, quantity) values (608, 67, 70, 14.94);
insert into dishes_ingredients (id, ingredient_id, dish_id, quantity) values (609, 73, 41, 65.85);
insert into dishes_ingredients (id, ingredient_id, dish_id, quantity) values (610, 28, 71, 40.48);
insert into dishes_ingredients (id, ingredient_id, dish_id, quantity) values (611, 59, 97, 36.05);
insert into dishes_ingredients (id, ingredient_id, dish_id, quantity) values (612, 49, 2, 0.5);
insert into dishes_ingredients (id, ingredient_id, dish_id, quantity) values (613, 20, 41, 50.53);
insert into dishes_ingredients (id, ingredient_id, dish_id, quantity) values (614, 36, 8, 4.81);
insert into dishes_ingredients (id, ingredient_id, dish_id, quantity) values (615, 71, 50, 86.72);
insert into dishes_ingredients (id, ingredient_id, dish_id, quantity) values (616, 6, 31, 9.52);
insert into dishes_ingredients (id, ingredient_id, dish_id, quantity) values (617, 46, 35, 82.4);
insert into dishes_ingredients (id, ingredient_id, dish_id, quantity) values (618, 39, 44, 22.61);
insert into dishes_ingredients (id, ingredient_id, dish_id, quantity) values (619, 4, 83, 44.89);
insert into dishes_ingredients (id, ingredient_id, dish_id, quantity) values (620, 65, 97, 18.17);
insert into dishes_ingredients (id, ingredient_id, dish_id, quantity) values (621, 45, 80, 53.19);
insert into dishes_ingredients (id, ingredient_id, dish_id, quantity) values (622, 69, 96, 68.13);
insert into dishes_ingredients (id, ingredient_id, dish_id, quantity) values (623, 12, 96, 3.71);
insert into dishes_ingredients (id, ingredient_id, dish_id, quantity) values (624, 1, 89, 76.69);
insert into dishes_ingredients (id, ingredient_id, dish_id, quantity) values (625, 79, 33, 50.58);
insert into dishes_ingredients (id, ingredient_id, dish_id, quantity) values (626, 2, 14, 60.61);
insert into dishes_ingredients (id, ingredient_id, dish_id, quantity) values (627, 10, 43, 85.51);
insert into dishes_ingredients (id, ingredient_id, dish_id, quantity) values (628, 100, 20, 54.53);
insert into dishes_ingredients (id, ingredient_id, dish_id, quantity) values (629, 24, 85, 79.09);
insert into dishes_ingredients (id, ingredient_id, dish_id, quantity) values (630, 45, 67, 53.16);
insert into dishes_ingredients (id, ingredient_id, dish_id, quantity) values (631, 39, 81, 14.85);
insert into dishes_ingredients (id, ingredient_id, dish_id, quantity) values (632, 27, 98, 96.57);
insert into dishes_ingredients (id, ingredient_id, dish_id, quantity) values (633, 1, 79, 33.67);
insert into dishes_ingredients (id, ingredient_id, dish_id, quantity) values (634, 32, 48, 56.11);
insert into dishes_ingredients (id, ingredient_id, dish_id, quantity) values (635, 93, 3, 98.25);
insert into dishes_ingredients (id, ingredient_id, dish_id, quantity) values (636, 92, 20, 75.72);
insert into dishes_ingredients (id, ingredient_id, dish_id, quantity) values (637, 65, 40, 86.37);
insert into dishes_ingredients (id, ingredient_id, dish_id, quantity) values (638, 77, 22, 74.48);
insert into dishes_ingredients (id, ingredient_id, dish_id, quantity) values (639, 5, 1, 28.0);
insert into dishes_ingredients (id, ingredient_id, dish_id, quantity) values (640, 18, 20, 89.96);
insert into dishes_ingredients (id, ingredient_id, dish_id, quantity) values (641, 62, 58, 11.85);
insert into dishes_ingredients (id, ingredient_id, dish_id, quantity) values (642, 31, 49, 98.18);
insert into dishes_ingredients (id, ingredient_id, dish_id, quantity) values (643, 66, 89, 43.85);
insert into dishes_ingredients (id, ingredient_id, dish_id, quantity) values (644, 21, 17, 47.97);
insert into dishes_ingredients (id, ingredient_id, dish_id, quantity) values (645, 6, 15, 33.75);
insert into dishes_ingredients (id, ingredient_id, dish_id, quantity) values (646, 57, 45, 53.07);
insert into dishes_ingredients (id, ingredient_id, dish_id, quantity) values (647, 61, 100, 42.45);
insert into dishes_ingredients (id, ingredient_id, dish_id, quantity) values (648, 84, 81, 3.29);
insert into dishes_ingredients (id, ingredient_id, dish_id, quantity) values (649, 32, 11, 29.34);
insert into dishes_ingredients (id, ingredient_id, dish_id, quantity) values (650, 25, 19, 86.64);
insert into dishes_ingredients (id, ingredient_id, dish_id, quantity) values (651, 43, 34, 8.1);
insert into dishes_ingredients (id, ingredient_id, dish_id, quantity) values (652, 18, 99, 89.15);
insert into dishes_ingredients (id, ingredient_id, dish_id, quantity) values (653, 51, 61, 88.18);
insert into dishes_ingredients (id, ingredient_id, dish_id, quantity) values (654, 81, 49, 17.99);
insert into dishes_ingredients (id, ingredient_id, dish_id, quantity) values (655, 80, 66, 20.0);
insert into dishes_ingredients (id, ingredient_id, dish_id, quantity) values (656, 48, 85, 7.4);
insert into dishes_ingredients (id, ingredient_id, dish_id, quantity) values (657, 4, 37, 11.93);
insert into dishes_ingredients (id, ingredient_id, dish_id, quantity) values (658, 94, 39, 27.37);
insert into dishes_ingredients (id, ingredient_id, dish_id, quantity) values (659, 31, 72, 70.75);
insert into dishes_ingredients (id, ingredient_id, dish_id, quantity) values (660, 36, 3, 74.28);
insert into dishes_ingredients (id, ingredient_id, dish_id, quantity) values (661, 95, 70, 15.47);
insert into dishes_ingredients (id, ingredient_id, dish_id, quantity) values (662, 15, 3, 90.33);
insert into dishes_ingredients (id, ingredient_id, dish_id, quantity) values (663, 98, 49, 93.63);
insert into dishes_ingredients (id, ingredient_id, dish_id, quantity) values (664, 1, 85, 75.0);
insert into dishes_ingredients (id, ingredient_id, dish_id, quantity) values (665, 29, 93, 88.35);
insert into dishes_ingredients (id, ingredient_id, dish_id, quantity) values (666, 20, 69, 73.6);
insert into dishes_ingredients (id, ingredient_id, dish_id, quantity) values (667, 5, 66, 60.53);
insert into dishes_ingredients (id, ingredient_id, dish_id, quantity) values (668, 96, 74, 11.7);
insert into dishes_ingredients (id, ingredient_id, dish_id, quantity) values (669, 29, 23, 6.2);
insert into dishes_ingredients (id, ingredient_id, dish_id, quantity) values (670, 47, 1, 43.23);
insert into dishes_ingredients (id, ingredient_id, dish_id, quantity) values (671, 26, 40, 54.06);
insert into dishes_ingredients (id, ingredient_id, dish_id, quantity) values (672, 17, 88, 92.25);
insert into dishes_ingredients (id, ingredient_id, dish_id, quantity) values (673, 84, 23, 48.21);
insert into dishes_ingredients (id, ingredient_id, dish_id, quantity) values (674, 46, 60, 14.61);
insert into dishes_ingredients (id, ingredient_id, dish_id, quantity) values (675, 46, 97, 0.9);
insert into dishes_ingredients (id, ingredient_id, dish_id, quantity) values (676, 77, 3, 11.58);
insert into dishes_ingredients (id, ingredient_id, dish_id, quantity) values (677, 40, 6, 14.8);
insert into dishes_ingredients (id, ingredient_id, dish_id, quantity) values (678, 21, 33, 98.0);
insert into dishes_ingredients (id, ingredient_id, dish_id, quantity) values (679, 58, 84, 2.9);
insert into dishes_ingredients (id, ingredient_id, dish_id, quantity) values (680, 9, 45, 82.91);
insert into dishes_ingredients (id, ingredient_id, dish_id, quantity) values (681, 88, 51, 66.59);
insert into dishes_ingredients (id, ingredient_id, dish_id, quantity) values (682, 4, 38, 67.97);
insert into dishes_ingredients (id, ingredient_id, dish_id, quantity) values (683, 15, 7, 21.93);
insert into dishes_ingredients (id, ingredient_id, dish_id, quantity) values (684, 99, 74, 21.59);
insert into dishes_ingredients (id, ingredient_id, dish_id, quantity) values (685, 39, 43, 63.07);
insert into dishes_ingredients (id, ingredient_id, dish_id, quantity) values (686, 21, 8, 80.44);
insert into dishes_ingredients (id, ingredient_id, dish_id, quantity) values (687, 20, 78, 82.56);
insert into dishes_ingredients (id, ingredient_id, dish_id, quantity) values (688, 70, 81, 13.91);
insert into dishes_ingredients (id, ingredient_id, dish_id, quantity) values (689, 63, 3, 83.73);
insert into dishes_ingredients (id, ingredient_id, dish_id, quantity) values (690, 67, 14, 50.4);
insert into dishes_ingredients (id, ingredient_id, dish_id, quantity) values (691, 72, 64, 10.49);
insert into dishes_ingredients (id, ingredient_id, dish_id, quantity) values (692, 84, 32, 8.25);
insert into dishes_ingredients (id, ingredient_id, dish_id, quantity) values (693, 58, 77, 84.42);
insert into dishes_ingredients (id, ingredient_id, dish_id, quantity) values (694, 3, 77, 73.48);
insert into dishes_ingredients (id, ingredient_id, dish_id, quantity) values (695, 86, 59, 21.94);
insert into dishes_ingredients (id, ingredient_id, dish_id, quantity) values (696, 55, 4, 44.03);
insert into dishes_ingredients (id, ingredient_id, dish_id, quantity) values (697, 48, 79, 28.14);
insert into dishes_ingredients (id, ingredient_id, dish_id, quantity) values (698, 83, 17, 22.6);
insert into dishes_ingredients (id, ingredient_id, dish_id, quantity) values (699, 75, 50, 85.47);
insert into dishes_ingredients (id, ingredient_id, dish_id, quantity) values (700, 93, 1, 22.64);
insert into dishes_ingredients (id, ingredient_id, dish_id, quantity) values (701, 30, 20, 83.34);
insert into dishes_ingredients (id, ingredient_id, dish_id, quantity) values (702, 19, 48, 27.01);
insert into dishes_ingredients (id, ingredient_id, dish_id, quantity) values (703, 95, 13, 39.0);
insert into dishes_ingredients (id, ingredient_id, dish_id, quantity) values (704, 95, 2, 84.1);
insert into dishes_ingredients (id, ingredient_id, dish_id, quantity) values (705, 87, 49, 81.25);
insert into dishes_ingredients (id, ingredient_id, dish_id, quantity) values (706, 13, 34, 18.64);
insert into dishes_ingredients (id, ingredient_id, dish_id, quantity) values (707, 92, 42, 97.77);
insert into dishes_ingredients (id, ingredient_id, dish_id, quantity) values (708, 20, 30, 85.63);
insert into dishes_ingredients (id, ingredient_id, dish_id, quantity) values (709, 34, 15, 33.54);
insert into dishes_ingredients (id, ingredient_id, dish_id, quantity) values (710, 32, 71, 62.52);
insert into dishes_ingredients (id, ingredient_id, dish_id, quantity) values (711, 86, 85, 43.61);
insert into dishes_ingredients (id, ingredient_id, dish_id, quantity) values (712, 42, 62, 31.24);
insert into dishes_ingredients (id, ingredient_id, dish_id, quantity) values (713, 79, 68, 18.45);
insert into dishes_ingredients (id, ingredient_id, dish_id, quantity) values (714, 73, 74, 31.96);
insert into dishes_ingredients (id, ingredient_id, dish_id, quantity) values (715, 87, 16, 80.44);
insert into dishes_ingredients (id, ingredient_id, dish_id, quantity) values (716, 97, 81, 54.45);
insert into dishes_ingredients (id, ingredient_id, dish_id, quantity) values (717, 70, 56, 98.56);
insert into dishes_ingredients (id, ingredient_id, dish_id, quantity) values (718, 88, 47, 84.31);
insert into dishes_ingredients (id, ingredient_id, dish_id, quantity) values (719, 30, 74, 33.36);
insert into dishes_ingredients (id, ingredient_id, dish_id, quantity) values (720, 64, 95, 76.1);
insert into dishes_ingredients (id, ingredient_id, dish_id, quantity) values (721, 4, 5, 41.82);
insert into dishes_ingredients (id, ingredient_id, dish_id, quantity) values (722, 87, 71, 1.38);
insert into dishes_ingredients (id, ingredient_id, dish_id, quantity) values (723, 75, 15, 56.97);
insert into dishes_ingredients (id, ingredient_id, dish_id, quantity) values (724, 36, 63, 42.68);
insert into dishes_ingredients (id, ingredient_id, dish_id, quantity) values (725, 87, 65, 76.32);
insert into dishes_ingredients (id, ingredient_id, dish_id, quantity) values (726, 47, 26, 68.53);
insert into dishes_ingredients (id, ingredient_id, dish_id, quantity) values (727, 84, 28, 73.97);
insert into dishes_ingredients (id, ingredient_id, dish_id, quantity) values (728, 3, 96, 72.49);
insert into dishes_ingredients (id, ingredient_id, dish_id, quantity) values (729, 25, 92, 98.22);
insert into dishes_ingredients (id, ingredient_id, dish_id, quantity) values (730, 22, 57, 43.28);
insert into dishes_ingredients (id, ingredient_id, dish_id, quantity) values (731, 60, 93, 28.81);
insert into dishes_ingredients (id, ingredient_id, dish_id, quantity) values (732, 39, 44, 33.84);
insert into dishes_ingredients (id, ingredient_id, dish_id, quantity) values (733, 38, 60, 93.22);
insert into dishes_ingredients (id, ingredient_id, dish_id, quantity) values (734, 15, 99, 92.24);
insert into dishes_ingredients (id, ingredient_id, dish_id, quantity) values (735, 41, 6, 4.51);
insert into dishes_ingredients (id, ingredient_id, dish_id, quantity) values (736, 85, 42, 55.5);
insert into dishes_ingredients (id, ingredient_id, dish_id, quantity) values (737, 34, 64, 75.21);
insert into dishes_ingredients (id, ingredient_id, dish_id, quantity) values (738, 55, 35, 7.27);
insert into dishes_ingredients (id, ingredient_id, dish_id, quantity) values (739, 39, 66, 59.39);
insert into dishes_ingredients (id, ingredient_id, dish_id, quantity) values (740, 93, 57, 96.7);
insert into dishes_ingredients (id, ingredient_id, dish_id, quantity) values (741, 99, 38, 89.21);
insert into dishes_ingredients (id, ingredient_id, dish_id, quantity) values (742, 63, 17, 81.69);
insert into dishes_ingredients (id, ingredient_id, dish_id, quantity) values (743, 94, 70, 43.14);
insert into dishes_ingredients (id, ingredient_id, dish_id, quantity) values (744, 43, 19, 74.49);
insert into dishes_ingredients (id, ingredient_id, dish_id, quantity) values (745, 72, 44, 55.43);
insert into dishes_ingredients (id, ingredient_id, dish_id, quantity) values (746, 26, 72, 92.58);
insert into dishes_ingredients (id, ingredient_id, dish_id, quantity) values (747, 98, 18, 1.21);
insert into dishes_ingredients (id, ingredient_id, dish_id, quantity) values (748, 58, 75, 62.5);
insert into dishes_ingredients (id, ingredient_id, dish_id, quantity) values (749, 54, 76, 48.39);
insert into dishes_ingredients (id, ingredient_id, dish_id, quantity) values (750, 33, 99, 89.38);
insert into dishes_ingredients (id, ingredient_id, dish_id, quantity) values (751, 6, 26, 61.72);
insert into dishes_ingredients (id, ingredient_id, dish_id, quantity) values (752, 71, 64, 98.78);
insert into dishes_ingredients (id, ingredient_id, dish_id, quantity) values (753, 74, 46, 55.49);
insert into dishes_ingredients (id, ingredient_id, dish_id, quantity) values (754, 86, 53, 19.33);
insert into dishes_ingredients (id, ingredient_id, dish_id, quantity) values (755, 7, 99, 69.54);
insert into dishes_ingredients (id, ingredient_id, dish_id, quantity) values (756, 55, 53, 59.55);
insert into dishes_ingredients (id, ingredient_id, dish_id, quantity) values (757, 70, 37, 8.77);
insert into dishes_ingredients (id, ingredient_id, dish_id, quantity) values (758, 74, 52, 88.54);
insert into dishes_ingredients (id, ingredient_id, dish_id, quantity) values (759, 87, 64, 4.75);
insert into dishes_ingredients (id, ingredient_id, dish_id, quantity) values (760, 94, 65, 1.35);
insert into dishes_ingredients (id, ingredient_id, dish_id, quantity) values (761, 19, 48, 45.73);
insert into dishes_ingredients (id, ingredient_id, dish_id, quantity) values (762, 52, 37, 84.79);
insert into dishes_ingredients (id, ingredient_id, dish_id, quantity) values (763, 50, 69, 33.19);
insert into dishes_ingredients (id, ingredient_id, dish_id, quantity) values (764, 89, 6, 20.22);
insert into dishes_ingredients (id, ingredient_id, dish_id, quantity) values (765, 92, 89, 75.96);
insert into dishes_ingredients (id, ingredient_id, dish_id, quantity) values (766, 83, 71, 42.01);
insert into dishes_ingredients (id, ingredient_id, dish_id, quantity) values (767, 3, 97, 92.64);
insert into dishes_ingredients (id, ingredient_id, dish_id, quantity) values (768, 44, 8, 29.3);
insert into dishes_ingredients (id, ingredient_id, dish_id, quantity) values (769, 8, 68, 91.05);
insert into dishes_ingredients (id, ingredient_id, dish_id, quantity) values (770, 16, 37, 90.43);
insert into dishes_ingredients (id, ingredient_id, dish_id, quantity) values (771, 31, 19, 34.22);
insert into dishes_ingredients (id, ingredient_id, dish_id, quantity) values (772, 70, 82, 27.71);
insert into dishes_ingredients (id, ingredient_id, dish_id, quantity) values (773, 64, 33, 5.4);
insert into dishes_ingredients (id, ingredient_id, dish_id, quantity) values (774, 52, 55, 73.54);
insert into dishes_ingredients (id, ingredient_id, dish_id, quantity) values (775, 80, 32, 6.93);
insert into dishes_ingredients (id, ingredient_id, dish_id, quantity) values (776, 82, 53, 48.82);
insert into dishes_ingredients (id, ingredient_id, dish_id, quantity) values (777, 64, 46, 46.83);
insert into dishes_ingredients (id, ingredient_id, dish_id, quantity) values (778, 6, 14, 61.03);
insert into dishes_ingredients (id, ingredient_id, dish_id, quantity) values (779, 19, 23, 26.88);
insert into dishes_ingredients (id, ingredient_id, dish_id, quantity) values (780, 30, 8, 94.15);
insert into dishes_ingredients (id, ingredient_id, dish_id, quantity) values (781, 50, 32, 98.78);
insert into dishes_ingredients (id, ingredient_id, dish_id, quantity) values (782, 1, 13, 7.59);
insert into dishes_ingredients (id, ingredient_id, dish_id, quantity) values (783, 58, 99, 73.16);
insert into dishes_ingredients (id, ingredient_id, dish_id, quantity) values (784, 64, 54, 69.27);
insert into dishes_ingredients (id, ingredient_id, dish_id, quantity) values (785, 11, 40, 7.19);
insert into dishes_ingredients (id, ingredient_id, dish_id, quantity) values (786, 95, 66, 6.08);
insert into dishes_ingredients (id, ingredient_id, dish_id, quantity) values (787, 30, 81, 7.91);
insert into dishes_ingredients (id, ingredient_id, dish_id, quantity) values (788, 55, 11, 4.59);
insert into dishes_ingredients (id, ingredient_id, dish_id, quantity) values (789, 44, 29, 39.63);
insert into dishes_ingredients (id, ingredient_id, dish_id, quantity) values (790, 83, 93, 83.05);
insert into dishes_ingredients (id, ingredient_id, dish_id, quantity) values (791, 6, 22, 14.95);
insert into dishes_ingredients (id, ingredient_id, dish_id, quantity) values (792, 80, 35, 50.67);
insert into dishes_ingredients (id, ingredient_id, dish_id, quantity) values (793, 41, 60, 58.08);
insert into dishes_ingredients (id, ingredient_id, dish_id, quantity) values (794, 8, 39, 81.3);
insert into dishes_ingredients (id, ingredient_id, dish_id, quantity) values (795, 56, 79, 77.16);
insert into dishes_ingredients (id, ingredient_id, dish_id, quantity) values (796, 60, 4, 12.64);
insert into dishes_ingredients (id, ingredient_id, dish_id, quantity) values (797, 61, 66, 94.65);
insert into dishes_ingredients (id, ingredient_id, dish_id, quantity) values (798, 6, 99, 65.63);
insert into dishes_ingredients (id, ingredient_id, dish_id, quantity) values (799, 84, 59, 7.9);
insert into dishes_ingredients (id, ingredient_id, dish_id, quantity) values (800, 74, 90, 61.52);
insert into dishes_ingredients (id, ingredient_id, dish_id, quantity) values (801, 57, 83, 13.0);
insert into dishes_ingredients (id, ingredient_id, dish_id, quantity) values (802, 44, 58, 13.56);
insert into dishes_ingredients (id, ingredient_id, dish_id, quantity) values (803, 78, 64, 3.18);
insert into dishes_ingredients (id, ingredient_id, dish_id, quantity) values (804, 38, 46, 26.14);
insert into dishes_ingredients (id, ingredient_id, dish_id, quantity) values (805, 31, 62, 19.69);
insert into dishes_ingredients (id, ingredient_id, dish_id, quantity) values (806, 99, 99, 1.4);
insert into dishes_ingredients (id, ingredient_id, dish_id, quantity) values (807, 7, 54, 55.49);
insert into dishes_ingredients (id, ingredient_id, dish_id, quantity) values (808, 78, 16, 90.55);
insert into dishes_ingredients (id, ingredient_id, dish_id, quantity) values (809, 97, 85, 91.04);
insert into dishes_ingredients (id, ingredient_id, dish_id, quantity) values (810, 100, 89, 74.47);
insert into dishes_ingredients (id, ingredient_id, dish_id, quantity) values (811, 15, 19, 70.58);
insert into dishes_ingredients (id, ingredient_id, dish_id, quantity) values (812, 78, 86, 11.06);
insert into dishes_ingredients (id, ingredient_id, dish_id, quantity) values (813, 32, 70, 7.46);
insert into dishes_ingredients (id, ingredient_id, dish_id, quantity) values (814, 85, 66, 12.42);
insert into dishes_ingredients (id, ingredient_id, dish_id, quantity) values (815, 96, 67, 77.52);
insert into dishes_ingredients (id, ingredient_id, dish_id, quantity) values (816, 79, 93, 15.93);
insert into dishes_ingredients (id, ingredient_id, dish_id, quantity) values (817, 63, 41, 2.27);
insert into dishes_ingredients (id, ingredient_id, dish_id, quantity) values (818, 42, 88, 80.19);
insert into dishes_ingredients (id, ingredient_id, dish_id, quantity) values (819, 43, 14, 94.09);
insert into dishes_ingredients (id, ingredient_id, dish_id, quantity) values (820, 78, 98, 11.04);
insert into dishes_ingredients (id, ingredient_id, dish_id, quantity) values (821, 67, 31, 28.31);
insert into dishes_ingredients (id, ingredient_id, dish_id, quantity) values (822, 21, 65, 23.45);
insert into dishes_ingredients (id, ingredient_id, dish_id, quantity) values (823, 84, 40, 92.32);
insert into dishes_ingredients (id, ingredient_id, dish_id, quantity) values (824, 31, 52, 71.11);
insert into dishes_ingredients (id, ingredient_id, dish_id, quantity) values (825, 41, 78, 93.75);
insert into dishes_ingredients (id, ingredient_id, dish_id, quantity) values (826, 80, 36, 15.39);
insert into dishes_ingredients (id, ingredient_id, dish_id, quantity) values (827, 13, 37, 25.03);
insert into dishes_ingredients (id, ingredient_id, dish_id, quantity) values (828, 74, 98, 91.61);
insert into dishes_ingredients (id, ingredient_id, dish_id, quantity) values (829, 48, 27, 6.67);
insert into dishes_ingredients (id, ingredient_id, dish_id, quantity) values (830, 28, 25, 49.79);
insert into dishes_ingredients (id, ingredient_id, dish_id, quantity) values (831, 45, 86, 6.22);
insert into dishes_ingredients (id, ingredient_id, dish_id, quantity) values (832, 78, 88, 90.8);
insert into dishes_ingredients (id, ingredient_id, dish_id, quantity) values (833, 29, 45, 61.66);
insert into dishes_ingredients (id, ingredient_id, dish_id, quantity) values (834, 68, 15, 88.26);
insert into dishes_ingredients (id, ingredient_id, dish_id, quantity) values (835, 99, 54, 33.63);
insert into dishes_ingredients (id, ingredient_id, dish_id, quantity) values (836, 68, 90, 34.47);
insert into dishes_ingredients (id, ingredient_id, dish_id, quantity) values (837, 21, 60, 34.41);
insert into dishes_ingredients (id, ingredient_id, dish_id, quantity) values (838, 5, 13, 43.02);
insert into dishes_ingredients (id, ingredient_id, dish_id, quantity) values (839, 23, 21, 11.19);
insert into dishes_ingredients (id, ingredient_id, dish_id, quantity) values (840, 38, 58, 74.77);
insert into dishes_ingredients (id, ingredient_id, dish_id, quantity) values (841, 43, 88, 21.11);
insert into dishes_ingredients (id, ingredient_id, dish_id, quantity) values (842, 46, 15, 9.82);
insert into dishes_ingredients (id, ingredient_id, dish_id, quantity) values (843, 97, 50, 70.63);
insert into dishes_ingredients (id, ingredient_id, dish_id, quantity) values (844, 68, 52, 66.62);
insert into dishes_ingredients (id, ingredient_id, dish_id, quantity) values (845, 13, 57, 45.67);
insert into dishes_ingredients (id, ingredient_id, dish_id, quantity) values (846, 97, 12, 25.56);
insert into dishes_ingredients (id, ingredient_id, dish_id, quantity) values (847, 89, 80, 5.15);
insert into dishes_ingredients (id, ingredient_id, dish_id, quantity) values (848, 7, 99, 46.49);
insert into dishes_ingredients (id, ingredient_id, dish_id, quantity) values (849, 54, 20, 49.68);
insert into dishes_ingredients (id, ingredient_id, dish_id, quantity) values (850, 57, 67, 84.47);
insert into dishes_ingredients (id, ingredient_id, dish_id, quantity) values (851, 85, 89, 77.45);
insert into dishes_ingredients (id, ingredient_id, dish_id, quantity) values (852, 60, 41, 73.12);
insert into dishes_ingredients (id, ingredient_id, dish_id, quantity) values (853, 93, 2, 88.25);
insert into dishes_ingredients (id, ingredient_id, dish_id, quantity) values (854, 64, 65, 90.01);
insert into dishes_ingredients (id, ingredient_id, dish_id, quantity) values (855, 71, 13, 50.04);
insert into dishes_ingredients (id, ingredient_id, dish_id, quantity) values (856, 66, 39, 94.36);
insert into dishes_ingredients (id, ingredient_id, dish_id, quantity) values (857, 95, 99, 24.92);
insert into dishes_ingredients (id, ingredient_id, dish_id, quantity) values (858, 56, 48, 22.35);
insert into dishes_ingredients (id, ingredient_id, dish_id, quantity) values (859, 6, 19, 15.23);
insert into dishes_ingredients (id, ingredient_id, dish_id, quantity) values (860, 16, 66, 87.57);
insert into dishes_ingredients (id, ingredient_id, dish_id, quantity) values (861, 39, 100, 5.55);
insert into dishes_ingredients (id, ingredient_id, dish_id, quantity) values (862, 61, 87, 45.98);
insert into dishes_ingredients (id, ingredient_id, dish_id, quantity) values (863, 82, 63, 1.37);
insert into dishes_ingredients (id, ingredient_id, dish_id, quantity) values (864, 20, 17, 35.55);
insert into dishes_ingredients (id, ingredient_id, dish_id, quantity) values (865, 24, 54, 31.58);
insert into dishes_ingredients (id, ingredient_id, dish_id, quantity) values (866, 79, 46, 32.82);
insert into dishes_ingredients (id, ingredient_id, dish_id, quantity) values (867, 15, 57, 39.92);
insert into dishes_ingredients (id, ingredient_id, dish_id, quantity) values (868, 58, 69, 13.56);
insert into dishes_ingredients (id, ingredient_id, dish_id, quantity) values (869, 9, 34, 64.03);
insert into dishes_ingredients (id, ingredient_id, dish_id, quantity) values (870, 56, 19, 31.4);
insert into dishes_ingredients (id, ingredient_id, dish_id, quantity) values (871, 42, 66, 84.07);
insert into dishes_ingredients (id, ingredient_id, dish_id, quantity) values (872, 68, 60, 39.72);
insert into dishes_ingredients (id, ingredient_id, dish_id, quantity) values (873, 14, 55, 6.7);
insert into dishes_ingredients (id, ingredient_id, dish_id, quantity) values (874, 46, 2, 37.84);
insert into dishes_ingredients (id, ingredient_id, dish_id, quantity) values (875, 79, 89, 17.57);
insert into dishes_ingredients (id, ingredient_id, dish_id, quantity) values (876, 43, 41, 82.1);
insert into dishes_ingredients (id, ingredient_id, dish_id, quantity) values (877, 56, 66, 30.52);
insert into dishes_ingredients (id, ingredient_id, dish_id, quantity) values (878, 3, 55, 5.0);
insert into dishes_ingredients (id, ingredient_id, dish_id, quantity) values (879, 77, 23, 67.94);
insert into dishes_ingredients (id, ingredient_id, dish_id, quantity) values (880, 44, 50, 32.43);
insert into dishes_ingredients (id, ingredient_id, dish_id, quantity) values (881, 26, 43, 21.17);
insert into dishes_ingredients (id, ingredient_id, dish_id, quantity) values (882, 92, 1, 75.34);
insert into dishes_ingredients (id, ingredient_id, dish_id, quantity) values (883, 7, 29, 87.18);
insert into dishes_ingredients (id, ingredient_id, dish_id, quantity) values (884, 72, 35, 28.52);
insert into dishes_ingredients (id, ingredient_id, dish_id, quantity) values (885, 57, 66, 0.9);
insert into dishes_ingredients (id, ingredient_id, dish_id, quantity) values (886, 59, 2, 92.24);
insert into dishes_ingredients (id, ingredient_id, dish_id, quantity) values (887, 29, 21, 70.88);
insert into dishes_ingredients (id, ingredient_id, dish_id, quantity) values (888, 75, 94, 9.97);
insert into dishes_ingredients (id, ingredient_id, dish_id, quantity) values (889, 38, 53, 65.71);
insert into dishes_ingredients (id, ingredient_id, dish_id, quantity) values (890, 24, 11, 87.18);
insert into dishes_ingredients (id, ingredient_id, dish_id, quantity) values (891, 90, 82, 9.36);
insert into dishes_ingredients (id, ingredient_id, dish_id, quantity) values (892, 87, 46, 59.2);
insert into dishes_ingredients (id, ingredient_id, dish_id, quantity) values (893, 42, 21, 57.51);
insert into dishes_ingredients (id, ingredient_id, dish_id, quantity) values (894, 49, 23, 59.9);
insert into dishes_ingredients (id, ingredient_id, dish_id, quantity) values (895, 83, 67, 16.64);
insert into dishes_ingredients (id, ingredient_id, dish_id, quantity) values (896, 99, 61, 31.12);
insert into dishes_ingredients (id, ingredient_id, dish_id, quantity) values (897, 64, 65, 32.79);
insert into dishes_ingredients (id, ingredient_id, dish_id, quantity) values (898, 74, 76, 50.31);
insert into dishes_ingredients (id, ingredient_id, dish_id, quantity) values (899, 2, 27, 91.36);
insert into dishes_ingredients (id, ingredient_id, dish_id, quantity) values (900, 77, 85, 26.07);
insert into dishes_ingredients (id, ingredient_id, dish_id, quantity) values (901, 45, 2, 63.36);
insert into dishes_ingredients (id, ingredient_id, dish_id, quantity) values (902, 7, 42, 43.78);
insert into dishes_ingredients (id, ingredient_id, dish_id, quantity) values (903, 47, 25, 14.92);
insert into dishes_ingredients (id, ingredient_id, dish_id, quantity) values (904, 39, 24, 65.67);
insert into dishes_ingredients (id, ingredient_id, dish_id, quantity) values (905, 68, 21, 84.12);
insert into dishes_ingredients (id, ingredient_id, dish_id, quantity) values (906, 66, 31, 74.29);
insert into dishes_ingredients (id, ingredient_id, dish_id, quantity) values (907, 4, 84, 13.27);
insert into dishes_ingredients (id, ingredient_id, dish_id, quantity) values (908, 2, 65, 77.84);
insert into dishes_ingredients (id, ingredient_id, dish_id, quantity) values (909, 24, 46, 74.18);
insert into dishes_ingredients (id, ingredient_id, dish_id, quantity) values (910, 95, 4, 64.14);
insert into dishes_ingredients (id, ingredient_id, dish_id, quantity) values (911, 97, 82, 83.08);
insert into dishes_ingredients (id, ingredient_id, dish_id, quantity) values (912, 52, 47, 96.15);
insert into dishes_ingredients (id, ingredient_id, dish_id, quantity) values (913, 37, 64, 6.2);
insert into dishes_ingredients (id, ingredient_id, dish_id, quantity) values (914, 66, 41, 21.07);
insert into dishes_ingredients (id, ingredient_id, dish_id, quantity) values (915, 44, 55, 23.29);
insert into dishes_ingredients (id, ingredient_id, dish_id, quantity) values (916, 98, 39, 89.06);
insert into dishes_ingredients (id, ingredient_id, dish_id, quantity) values (917, 63, 100, 39.04);
insert into dishes_ingredients (id, ingredient_id, dish_id, quantity) values (918, 52, 34, 16.01);
insert into dishes_ingredients (id, ingredient_id, dish_id, quantity) values (919, 86, 23, 26.82);
insert into dishes_ingredients (id, ingredient_id, dish_id, quantity) values (920, 54, 42, 32.33);
insert into dishes_ingredients (id, ingredient_id, dish_id, quantity) values (921, 99, 99, 64.0);
insert into dishes_ingredients (id, ingredient_id, dish_id, quantity) values (922, 58, 16, 60.49);
insert into dishes_ingredients (id, ingredient_id, dish_id, quantity) values (923, 88, 29, 13.43);
insert into dishes_ingredients (id, ingredient_id, dish_id, quantity) values (924, 62, 87, 30.82);
insert into dishes_ingredients (id, ingredient_id, dish_id, quantity) values (925, 68, 25, 38.93);
insert into dishes_ingredients (id, ingredient_id, dish_id, quantity) values (926, 80, 46, 33.76);
insert into dishes_ingredients (id, ingredient_id, dish_id, quantity) values (927, 88, 78, 32.89);
insert into dishes_ingredients (id, ingredient_id, dish_id, quantity) values (928, 73, 19, 47.4);
insert into dishes_ingredients (id, ingredient_id, dish_id, quantity) values (929, 20, 58, 57.09);
insert into dishes_ingredients (id, ingredient_id, dish_id, quantity) values (930, 45, 11, 17.75);
insert into dishes_ingredients (id, ingredient_id, dish_id, quantity) values (931, 79, 63, 10.61);
insert into dishes_ingredients (id, ingredient_id, dish_id, quantity) values (932, 7, 67, 73.07);
insert into dishes_ingredients (id, ingredient_id, dish_id, quantity) values (933, 99, 76, 21.37);
insert into dishes_ingredients (id, ingredient_id, dish_id, quantity) values (934, 81, 12, 80.43);
insert into dishes_ingredients (id, ingredient_id, dish_id, quantity) values (935, 17, 6, 17.77);
insert into dishes_ingredients (id, ingredient_id, dish_id, quantity) values (936, 45, 79, 6.63);
insert into dishes_ingredients (id, ingredient_id, dish_id, quantity) values (937, 12, 63, 80.16);
insert into dishes_ingredients (id, ingredient_id, dish_id, quantity) values (938, 7, 94, 68.09);
insert into dishes_ingredients (id, ingredient_id, dish_id, quantity) values (939, 43, 34, 41.95);
insert into dishes_ingredients (id, ingredient_id, dish_id, quantity) values (940, 41, 14, 78.39);
insert into dishes_ingredients (id, ingredient_id, dish_id, quantity) values (941, 39, 15, 4.95);
insert into dishes_ingredients (id, ingredient_id, dish_id, quantity) values (942, 39, 82, 82.13);
insert into dishes_ingredients (id, ingredient_id, dish_id, quantity) values (943, 60, 90, 55.04);
insert into dishes_ingredients (id, ingredient_id, dish_id, quantity) values (944, 54, 45, 32.79);
insert into dishes_ingredients (id, ingredient_id, dish_id, quantity) values (945, 20, 58, 42.6);
insert into dishes_ingredients (id, ingredient_id, dish_id, quantity) values (946, 85, 41, 44.2);
insert into dishes_ingredients (id, ingredient_id, dish_id, quantity) values (947, 9, 84, 63.04);
insert into dishes_ingredients (id, ingredient_id, dish_id, quantity) values (948, 93, 62, 5.03);
insert into dishes_ingredients (id, ingredient_id, dish_id, quantity) values (949, 90, 36, 96.04);
insert into dishes_ingredients (id, ingredient_id, dish_id, quantity) values (950, 1, 19, 90.75);
insert into dishes_ingredients (id, ingredient_id, dish_id, quantity) values (951, 54, 73, 47.33);
insert into dishes_ingredients (id, ingredient_id, dish_id, quantity) values (952, 7, 4, 66.29);
insert into dishes_ingredients (id, ingredient_id, dish_id, quantity) values (953, 65, 86, 44.52);
insert into dishes_ingredients (id, ingredient_id, dish_id, quantity) values (954, 99, 55, 73.5);
insert into dishes_ingredients (id, ingredient_id, dish_id, quantity) values (955, 5, 77, 48.81);
insert into dishes_ingredients (id, ingredient_id, dish_id, quantity) values (956, 32, 54, 39.56);
insert into dishes_ingredients (id, ingredient_id, dish_id, quantity) values (957, 23, 35, 27.91);
insert into dishes_ingredients (id, ingredient_id, dish_id, quantity) values (958, 22, 24, 0.38);
insert into dishes_ingredients (id, ingredient_id, dish_id, quantity) values (959, 83, 27, 81.24);
insert into dishes_ingredients (id, ingredient_id, dish_id, quantity) values (960, 61, 50, 56.0);
insert into dishes_ingredients (id, ingredient_id, dish_id, quantity) values (961, 49, 30, 79.0);
insert into dishes_ingredients (id, ingredient_id, dish_id, quantity) values (962, 26, 64, 68.66);
insert into dishes_ingredients (id, ingredient_id, dish_id, quantity) values (963, 39, 4, 38.86);
insert into dishes_ingredients (id, ingredient_id, dish_id, quantity) values (964, 23, 26, 40.04);
insert into dishes_ingredients (id, ingredient_id, dish_id, quantity) values (965, 33, 13, 0.33);
insert into dishes_ingredients (id, ingredient_id, dish_id, quantity) values (966, 60, 72, 34.41);
insert into dishes_ingredients (id, ingredient_id, dish_id, quantity) values (967, 23, 9, 26.29);
insert into dishes_ingredients (id, ingredient_id, dish_id, quantity) values (968, 99, 28, 24.23);
insert into dishes_ingredients (id, ingredient_id, dish_id, quantity) values (969, 49, 13, 32.56);
insert into dishes_ingredients (id, ingredient_id, dish_id, quantity) values (970, 89, 24, 11.8);
insert into dishes_ingredients (id, ingredient_id, dish_id, quantity) values (971, 100, 59, 52.33);
insert into dishes_ingredients (id, ingredient_id, dish_id, quantity) values (972, 30, 64, 42.6);
insert into dishes_ingredients (id, ingredient_id, dish_id, quantity) values (973, 60, 84, 69.02);
insert into dishes_ingredients (id, ingredient_id, dish_id, quantity) values (974, 52, 32, 53.71);
insert into dishes_ingredients (id, ingredient_id, dish_id, quantity) values (975, 67, 82, 37.24);
insert into dishes_ingredients (id, ingredient_id, dish_id, quantity) values (976, 69, 28, 7.84);
insert into dishes_ingredients (id, ingredient_id, dish_id, quantity) values (977, 75, 75, 50.96);
insert into dishes_ingredients (id, ingredient_id, dish_id, quantity) values (978, 36, 84, 61.16);
insert into dishes_ingredients (id, ingredient_id, dish_id, quantity) values (979, 3, 59, 19.17);
insert into dishes_ingredients (id, ingredient_id, dish_id, quantity) values (980, 56, 41, 73.42);
insert into dishes_ingredients (id, ingredient_id, dish_id, quantity) values (981, 10, 42, 72.65);
insert into dishes_ingredients (id, ingredient_id, dish_id, quantity) values (982, 81, 99, 28.34);
insert into dishes_ingredients (id, ingredient_id, dish_id, quantity) values (983, 6, 99, 52.94);
insert into dishes_ingredients (id, ingredient_id, dish_id, quantity) values (984, 60, 21, 98.18);
insert into dishes_ingredients (id, ingredient_id, dish_id, quantity) values (985, 19, 78, 4.54);
insert into dishes_ingredients (id, ingredient_id, dish_id, quantity) values (986, 42, 60, 11.49);
insert into dishes_ingredients (id, ingredient_id, dish_id, quantity) values (987, 53, 64, 36.44);
insert into dishes_ingredients (id, ingredient_id, dish_id, quantity) values (988, 64, 6, 41.15);
insert into dishes_ingredients (id, ingredient_id, dish_id, quantity) values (989, 39, 19, 28.11);
insert into dishes_ingredients (id, ingredient_id, dish_id, quantity) values (990, 5, 11, 62.71);
insert into dishes_ingredients (id, ingredient_id, dish_id, quantity) values (991, 76, 7, 0.29);
insert into dishes_ingredients (id, ingredient_id, dish_id, quantity) values (992, 31, 41, 73.06);
insert into dishes_ingredients (id, ingredient_id, dish_id, quantity) values (993, 44, 82, 57.57);
insert into dishes_ingredients (id, ingredient_id, dish_id, quantity) values (994, 56, 35, 74.6);
insert into dishes_ingredients (id, ingredient_id, dish_id, quantity) values (995, 73, 20, 70.41);
insert into dishes_ingredients (id, ingredient_id, dish_id, quantity) values (996, 59, 70, 0.3);
insert into dishes_ingredients (id, ingredient_id, dish_id, quantity) values (997, 31, 10, 18.17);
insert into dishes_ingredients (id, ingredient_id, dish_id, quantity) values (998, 57, 44, 87.3);
insert into dishes_ingredients (id, ingredient_id, dish_id, quantity) values (999, 8, 68, 72.57);
insert into dishes_ingredients (id, ingredient_id, dish_id, quantity) values (1000, 79, 38, 63.25);

insert into orders_dishes (id, dish_id, order_id) values (1, 79, 912);
insert into orders_dishes (id, dish_id, order_id) values (2, 10, 857);
insert into orders_dishes (id, dish_id, order_id) values (3, 25, 165);
insert into orders_dishes (id, dish_id, order_id) values (4, 32, 94);
insert into orders_dishes (id, dish_id, order_id) values (5, 100, 304);
insert into orders_dishes (id, dish_id, order_id) values (6, 62, 878);
insert into orders_dishes (id, dish_id, order_id) values (7, 57, 826);
insert into orders_dishes (id, dish_id, order_id) values (8, 62, 87);
insert into orders_dishes (id, dish_id, order_id) values (9, 78, 450);
insert into orders_dishes (id, dish_id, order_id) values (10, 37, 734);
insert into orders_dishes (id, dish_id, order_id) values (11, 55, 943);
insert into orders_dishes (id, dish_id, order_id) values (12, 11, 728);
insert into orders_dishes (id, dish_id, order_id) values (13, 37, 191);
insert into orders_dishes (id, dish_id, order_id) values (14, 28, 377);
insert into orders_dishes (id, dish_id, order_id) values (15, 84, 984);
insert into orders_dishes (id, dish_id, order_id) values (16, 9, 103);
insert into orders_dishes (id, dish_id, order_id) values (17, 60, 297);
insert into orders_dishes (id, dish_id, order_id) values (18, 37, 397);
insert into orders_dishes (id, dish_id, order_id) values (19, 73, 909);
insert into orders_dishes (id, dish_id, order_id) values (20, 63, 522);
insert into orders_dishes (id, dish_id, order_id) values (21, 23, 42);
insert into orders_dishes (id, dish_id, order_id) values (22, 51, 561);
insert into orders_dishes (id, dish_id, order_id) values (23, 51, 145);
insert into orders_dishes (id, dish_id, order_id) values (24, 74, 353);
insert into orders_dishes (id, dish_id, order_id) values (25, 18, 294);
insert into orders_dishes (id, dish_id, order_id) values (26, 69, 414);
insert into orders_dishes (id, dish_id, order_id) values (27, 74, 407);
insert into orders_dishes (id, dish_id, order_id) values (28, 90, 127);
insert into orders_dishes (id, dish_id, order_id) values (29, 43, 147);
insert into orders_dishes (id, dish_id, order_id) values (30, 91, 277);
insert into orders_dishes (id, dish_id, order_id) values (31, 31, 21);
insert into orders_dishes (id, dish_id, order_id) values (32, 8, 303);
insert into orders_dishes (id, dish_id, order_id) values (33, 50, 423);
insert into orders_dishes (id, dish_id, order_id) values (34, 53, 439);
insert into orders_dishes (id, dish_id, order_id) values (35, 70, 519);
insert into orders_dishes (id, dish_id, order_id) values (36, 37, 192);
insert into orders_dishes (id, dish_id, order_id) values (37, 84, 250);
insert into orders_dishes (id, dish_id, order_id) values (38, 50, 983);
insert into orders_dishes (id, dish_id, order_id) values (39, 8, 116);
insert into orders_dishes (id, dish_id, order_id) values (40, 82, 832);
insert into orders_dishes (id, dish_id, order_id) values (41, 58, 752);
insert into orders_dishes (id, dish_id, order_id) values (42, 53, 449);
insert into orders_dishes (id, dish_id, order_id) values (43, 97, 37);
insert into orders_dishes (id, dish_id, order_id) values (44, 67, 90);
insert into orders_dishes (id, dish_id, order_id) values (45, 73, 669);
insert into orders_dishes (id, dish_id, order_id) values (46, 70, 467);
insert into orders_dishes (id, dish_id, order_id) values (47, 79, 462);
insert into orders_dishes (id, dish_id, order_id) values (48, 60, 636);
insert into orders_dishes (id, dish_id, order_id) values (49, 64, 626);
insert into orders_dishes (id, dish_id, order_id) values (50, 59, 87);
insert into orders_dishes (id, dish_id, order_id) values (51, 27, 110);
insert into orders_dishes (id, dish_id, order_id) values (52, 59, 945);
insert into orders_dishes (id, dish_id, order_id) values (53, 87, 930);
insert into orders_dishes (id, dish_id, order_id) values (54, 69, 796);
insert into orders_dishes (id, dish_id, order_id) values (55, 67, 986);
insert into orders_dishes (id, dish_id, order_id) values (56, 14, 584);
insert into orders_dishes (id, dish_id, order_id) values (57, 46, 297);
insert into orders_dishes (id, dish_id, order_id) values (58, 10, 419);
insert into orders_dishes (id, dish_id, order_id) values (59, 87, 910);
insert into orders_dishes (id, dish_id, order_id) values (60, 58, 547);
insert into orders_dishes (id, dish_id, order_id) values (61, 3, 935);
insert into orders_dishes (id, dish_id, order_id) values (62, 25, 826);
insert into orders_dishes (id, dish_id, order_id) values (63, 74, 776);
insert into orders_dishes (id, dish_id, order_id) values (64, 30, 992);
insert into orders_dishes (id, dish_id, order_id) values (65, 52, 439);
insert into orders_dishes (id, dish_id, order_id) values (66, 16, 167);
insert into orders_dishes (id, dish_id, order_id) values (67, 5, 6);
insert into orders_dishes (id, dish_id, order_id) values (68, 10, 708);
insert into orders_dishes (id, dish_id, order_id) values (69, 6, 331);
insert into orders_dishes (id, dish_id, order_id) values (70, 70, 820);
insert into orders_dishes (id, dish_id, order_id) values (71, 87, 735);
insert into orders_dishes (id, dish_id, order_id) values (72, 94, 951);
insert into orders_dishes (id, dish_id, order_id) values (73, 91, 844);
insert into orders_dishes (id, dish_id, order_id) values (74, 91, 182);
insert into orders_dishes (id, dish_id, order_id) values (75, 23, 728);
insert into orders_dishes (id, dish_id, order_id) values (76, 12, 865);
insert into orders_dishes (id, dish_id, order_id) values (77, 58, 816);
insert into orders_dishes (id, dish_id, order_id) values (78, 82, 650);
insert into orders_dishes (id, dish_id, order_id) values (79, 87, 128);
insert into orders_dishes (id, dish_id, order_id) values (80, 49, 809);
insert into orders_dishes (id, dish_id, order_id) values (81, 90, 960);
insert into orders_dishes (id, dish_id, order_id) values (82, 31, 882);
insert into orders_dishes (id, dish_id, order_id) values (83, 62, 406);
insert into orders_dishes (id, dish_id, order_id) values (84, 7, 441);
insert into orders_dishes (id, dish_id, order_id) values (85, 33, 272);
insert into orders_dishes (id, dish_id, order_id) values (86, 84, 461);
insert into orders_dishes (id, dish_id, order_id) values (87, 88, 419);
insert into orders_dishes (id, dish_id, order_id) values (88, 5, 279);
insert into orders_dishes (id, dish_id, order_id) values (89, 40, 676);
insert into orders_dishes (id, dish_id, order_id) values (90, 60, 19);
insert into orders_dishes (id, dish_id, order_id) values (91, 14, 818);
insert into orders_dishes (id, dish_id, order_id) values (92, 15, 627);
insert into orders_dishes (id, dish_id, order_id) values (93, 81, 840);
insert into orders_dishes (id, dish_id, order_id) values (94, 70, 468);
insert into orders_dishes (id, dish_id, order_id) values (95, 56, 567);
insert into orders_dishes (id, dish_id, order_id) values (96, 95, 195);
insert into orders_dishes (id, dish_id, order_id) values (97, 35, 333);
insert into orders_dishes (id, dish_id, order_id) values (98, 11, 378);
insert into orders_dishes (id, dish_id, order_id) values (99, 73, 628);
insert into orders_dishes (id, dish_id, order_id) values (100, 7, 662);
insert into orders_dishes (id, dish_id, order_id) values (101, 52, 640);
insert into orders_dishes (id, dish_id, order_id) values (102, 8, 205);
insert into orders_dishes (id, dish_id, order_id) values (103, 96, 564);
insert into orders_dishes (id, dish_id, order_id) values (104, 86, 993);
insert into orders_dishes (id, dish_id, order_id) values (105, 86, 221);
insert into orders_dishes (id, dish_id, order_id) values (106, 83, 564);
insert into orders_dishes (id, dish_id, order_id) values (107, 96, 943);
insert into orders_dishes (id, dish_id, order_id) values (108, 44, 408);
insert into orders_dishes (id, dish_id, order_id) values (109, 60, 417);
insert into orders_dishes (id, dish_id, order_id) values (110, 2, 301);
insert into orders_dishes (id, dish_id, order_id) values (111, 81, 30);
insert into orders_dishes (id, dish_id, order_id) values (112, 19, 27);
insert into orders_dishes (id, dish_id, order_id) values (113, 71, 772);
insert into orders_dishes (id, dish_id, order_id) values (114, 90, 823);
insert into orders_dishes (id, dish_id, order_id) values (115, 59, 854);
insert into orders_dishes (id, dish_id, order_id) values (116, 40, 339);
insert into orders_dishes (id, dish_id, order_id) values (117, 34, 606);
insert into orders_dishes (id, dish_id, order_id) values (118, 61, 408);
insert into orders_dishes (id, dish_id, order_id) values (119, 68, 464);
insert into orders_dishes (id, dish_id, order_id) values (120, 72, 957);
insert into orders_dishes (id, dish_id, order_id) values (121, 64, 860);
insert into orders_dishes (id, dish_id, order_id) values (122, 21, 784);
insert into orders_dishes (id, dish_id, order_id) values (123, 17, 753);
insert into orders_dishes (id, dish_id, order_id) values (124, 1, 12);
insert into orders_dishes (id, dish_id, order_id) values (125, 52, 73);
insert into orders_dishes (id, dish_id, order_id) values (126, 50, 804);
insert into orders_dishes (id, dish_id, order_id) values (127, 30, 819);
insert into orders_dishes (id, dish_id, order_id) values (128, 9, 806);
insert into orders_dishes (id, dish_id, order_id) values (129, 46, 144);
insert into orders_dishes (id, dish_id, order_id) values (130, 17, 410);
insert into orders_dishes (id, dish_id, order_id) values (131, 52, 840);
insert into orders_dishes (id, dish_id, order_id) values (132, 93, 716);
insert into orders_dishes (id, dish_id, order_id) values (133, 21, 688);
insert into orders_dishes (id, dish_id, order_id) values (134, 42, 984);
insert into orders_dishes (id, dish_id, order_id) values (135, 83, 998);
insert into orders_dishes (id, dish_id, order_id) values (136, 35, 182);
insert into orders_dishes (id, dish_id, order_id) values (137, 59, 647);
insert into orders_dishes (id, dish_id, order_id) values (138, 90, 222);
insert into orders_dishes (id, dish_id, order_id) values (139, 6, 311);
insert into orders_dishes (id, dish_id, order_id) values (140, 4, 566);
insert into orders_dishes (id, dish_id, order_id) values (141, 16, 192);
insert into orders_dishes (id, dish_id, order_id) values (142, 48, 934);
insert into orders_dishes (id, dish_id, order_id) values (143, 50, 701);
insert into orders_dishes (id, dish_id, order_id) values (144, 14, 583);
insert into orders_dishes (id, dish_id, order_id) values (145, 21, 989);
insert into orders_dishes (id, dish_id, order_id) values (146, 57, 917);
insert into orders_dishes (id, dish_id, order_id) values (147, 33, 471);
insert into orders_dishes (id, dish_id, order_id) values (148, 62, 476);
insert into orders_dishes (id, dish_id, order_id) values (149, 52, 995);
insert into orders_dishes (id, dish_id, order_id) values (150, 35, 107);
insert into orders_dishes (id, dish_id, order_id) values (151, 22, 283);
insert into orders_dishes (id, dish_id, order_id) values (152, 12, 569);
insert into orders_dishes (id, dish_id, order_id) values (153, 90, 989);
insert into orders_dishes (id, dish_id, order_id) values (154, 47, 564);
insert into orders_dishes (id, dish_id, order_id) values (155, 84, 340);
insert into orders_dishes (id, dish_id, order_id) values (156, 8, 520);
insert into orders_dishes (id, dish_id, order_id) values (157, 45, 800);
insert into orders_dishes (id, dish_id, order_id) values (158, 74, 543);
insert into orders_dishes (id, dish_id, order_id) values (159, 28, 563);
insert into orders_dishes (id, dish_id, order_id) values (160, 77, 887);
insert into orders_dishes (id, dish_id, order_id) values (161, 69, 910);
insert into orders_dishes (id, dish_id, order_id) values (162, 43, 527);
insert into orders_dishes (id, dish_id, order_id) values (163, 41, 697);
insert into orders_dishes (id, dish_id, order_id) values (164, 69, 411);
insert into orders_dishes (id, dish_id, order_id) values (165, 36, 428);
insert into orders_dishes (id, dish_id, order_id) values (166, 10, 724);
insert into orders_dishes (id, dish_id, order_id) values (167, 86, 875);
insert into orders_dishes (id, dish_id, order_id) values (168, 57, 643);
insert into orders_dishes (id, dish_id, order_id) values (169, 76, 603);
insert into orders_dishes (id, dish_id, order_id) values (170, 70, 115);
insert into orders_dishes (id, dish_id, order_id) values (171, 85, 566);
insert into orders_dishes (id, dish_id, order_id) values (172, 16, 431);
insert into orders_dishes (id, dish_id, order_id) values (173, 83, 675);
insert into orders_dishes (id, dish_id, order_id) values (174, 70, 459);
insert into orders_dishes (id, dish_id, order_id) values (175, 77, 997);
insert into orders_dishes (id, dish_id, order_id) values (176, 21, 189);
insert into orders_dishes (id, dish_id, order_id) values (177, 69, 79);
insert into orders_dishes (id, dish_id, order_id) values (178, 92, 737);
insert into orders_dishes (id, dish_id, order_id) values (179, 54, 830);
insert into orders_dishes (id, dish_id, order_id) values (180, 45, 527);
insert into orders_dishes (id, dish_id, order_id) values (181, 52, 315);
insert into orders_dishes (id, dish_id, order_id) values (182, 47, 776);
insert into orders_dishes (id, dish_id, order_id) values (183, 51, 289);
insert into orders_dishes (id, dish_id, order_id) values (184, 43, 513);
insert into orders_dishes (id, dish_id, order_id) values (185, 3, 86);
insert into orders_dishes (id, dish_id, order_id) values (186, 39, 652);
insert into orders_dishes (id, dish_id, order_id) values (187, 18, 491);
insert into orders_dishes (id, dish_id, order_id) values (188, 56, 335);
insert into orders_dishes (id, dish_id, order_id) values (189, 43, 854);
insert into orders_dishes (id, dish_id, order_id) values (190, 32, 918);
insert into orders_dishes (id, dish_id, order_id) values (191, 59, 366);
insert into orders_dishes (id, dish_id, order_id) values (192, 72, 606);
insert into orders_dishes (id, dish_id, order_id) values (193, 57, 490);
insert into orders_dishes (id, dish_id, order_id) values (194, 20, 379);
insert into orders_dishes (id, dish_id, order_id) values (195, 45, 658);
insert into orders_dishes (id, dish_id, order_id) values (196, 42, 88);
insert into orders_dishes (id, dish_id, order_id) values (197, 26, 836);
insert into orders_dishes (id, dish_id, order_id) values (198, 93, 167);
insert into orders_dishes (id, dish_id, order_id) values (199, 87, 151);
insert into orders_dishes (id, dish_id, order_id) values (200, 64, 134);
insert into orders_dishes (id, dish_id, order_id) values (201, 55, 159);
insert into orders_dishes (id, dish_id, order_id) values (202, 94, 989);
insert into orders_dishes (id, dish_id, order_id) values (203, 75, 761);
insert into orders_dishes (id, dish_id, order_id) values (204, 43, 517);
insert into orders_dishes (id, dish_id, order_id) values (205, 52, 284);
insert into orders_dishes (id, dish_id, order_id) values (206, 28, 197);
insert into orders_dishes (id, dish_id, order_id) values (207, 37, 25);
insert into orders_dishes (id, dish_id, order_id) values (208, 66, 643);
insert into orders_dishes (id, dish_id, order_id) values (209, 36, 9);
insert into orders_dishes (id, dish_id, order_id) values (210, 97, 950);
insert into orders_dishes (id, dish_id, order_id) values (211, 44, 938);
insert into orders_dishes (id, dish_id, order_id) values (212, 36, 493);
insert into orders_dishes (id, dish_id, order_id) values (213, 45, 655);
insert into orders_dishes (id, dish_id, order_id) values (214, 38, 679);
insert into orders_dishes (id, dish_id, order_id) values (215, 59, 171);
insert into orders_dishes (id, dish_id, order_id) values (216, 78, 389);
insert into orders_dishes (id, dish_id, order_id) values (217, 52, 661);
insert into orders_dishes (id, dish_id, order_id) values (218, 69, 26);
insert into orders_dishes (id, dish_id, order_id) values (219, 93, 339);
insert into orders_dishes (id, dish_id, order_id) values (220, 41, 186);
insert into orders_dishes (id, dish_id, order_id) values (221, 48, 584);
insert into orders_dishes (id, dish_id, order_id) values (222, 10, 285);
insert into orders_dishes (id, dish_id, order_id) values (223, 99, 782);
insert into orders_dishes (id, dish_id, order_id) values (224, 88, 13);
insert into orders_dishes (id, dish_id, order_id) values (225, 50, 426);
insert into orders_dishes (id, dish_id, order_id) values (226, 57, 379);
insert into orders_dishes (id, dish_id, order_id) values (227, 73, 491);
insert into orders_dishes (id, dish_id, order_id) values (228, 30, 268);
insert into orders_dishes (id, dish_id, order_id) values (229, 64, 246);
insert into orders_dishes (id, dish_id, order_id) values (230, 13, 152);
insert into orders_dishes (id, dish_id, order_id) values (231, 57, 466);
insert into orders_dishes (id, dish_id, order_id) values (232, 21, 286);
insert into orders_dishes (id, dish_id, order_id) values (233, 92, 348);
insert into orders_dishes (id, dish_id, order_id) values (234, 69, 578);
insert into orders_dishes (id, dish_id, order_id) values (235, 98, 286);
insert into orders_dishes (id, dish_id, order_id) values (236, 15, 409);
insert into orders_dishes (id, dish_id, order_id) values (237, 41, 192);
insert into orders_dishes (id, dish_id, order_id) values (238, 94, 171);
insert into orders_dishes (id, dish_id, order_id) values (239, 83, 911);
insert into orders_dishes (id, dish_id, order_id) values (240, 20, 418);
insert into orders_dishes (id, dish_id, order_id) values (241, 40, 181);
insert into orders_dishes (id, dish_id, order_id) values (242, 93, 370);
insert into orders_dishes (id, dish_id, order_id) values (243, 30, 113);
insert into orders_dishes (id, dish_id, order_id) values (244, 91, 137);
insert into orders_dishes (id, dish_id, order_id) values (245, 52, 65);
insert into orders_dishes (id, dish_id, order_id) values (246, 15, 790);
insert into orders_dishes (id, dish_id, order_id) values (247, 46, 493);
insert into orders_dishes (id, dish_id, order_id) values (248, 75, 155);
insert into orders_dishes (id, dish_id, order_id) values (249, 46, 740);
insert into orders_dishes (id, dish_id, order_id) values (250, 38, 628);
insert into orders_dishes (id, dish_id, order_id) values (251, 45, 262);
insert into orders_dishes (id, dish_id, order_id) values (252, 20, 835);
insert into orders_dishes (id, dish_id, order_id) values (253, 58, 706);
insert into orders_dishes (id, dish_id, order_id) values (254, 9, 638);
insert into orders_dishes (id, dish_id, order_id) values (255, 47, 908);
insert into orders_dishes (id, dish_id, order_id) values (256, 98, 951);
insert into orders_dishes (id, dish_id, order_id) values (257, 68, 987);
insert into orders_dishes (id, dish_id, order_id) values (258, 93, 13);
insert into orders_dishes (id, dish_id, order_id) values (259, 34, 946);
insert into orders_dishes (id, dish_id, order_id) values (260, 55, 647);
insert into orders_dishes (id, dish_id, order_id) values (261, 68, 181);
insert into orders_dishes (id, dish_id, order_id) values (262, 5, 182);
insert into orders_dishes (id, dish_id, order_id) values (263, 57, 162);
insert into orders_dishes (id, dish_id, order_id) values (264, 65, 376);
insert into orders_dishes (id, dish_id, order_id) values (265, 18, 565);
insert into orders_dishes (id, dish_id, order_id) values (266, 71, 306);
insert into orders_dishes (id, dish_id, order_id) values (267, 60, 59);
insert into orders_dishes (id, dish_id, order_id) values (268, 69, 982);
insert into orders_dishes (id, dish_id, order_id) values (269, 18, 744);
insert into orders_dishes (id, dish_id, order_id) values (270, 1, 968);
insert into orders_dishes (id, dish_id, order_id) values (271, 17, 822);
insert into orders_dishes (id, dish_id, order_id) values (272, 10, 67);
insert into orders_dishes (id, dish_id, order_id) values (273, 45, 731);
insert into orders_dishes (id, dish_id, order_id) values (274, 27, 41);
insert into orders_dishes (id, dish_id, order_id) values (275, 21, 892);
insert into orders_dishes (id, dish_id, order_id) values (276, 91, 642);
insert into orders_dishes (id, dish_id, order_id) values (277, 11, 246);
insert into orders_dishes (id, dish_id, order_id) values (278, 62, 184);
insert into orders_dishes (id, dish_id, order_id) values (279, 16, 431);
insert into orders_dishes (id, dish_id, order_id) values (280, 15, 394);
insert into orders_dishes (id, dish_id, order_id) values (281, 26, 687);
insert into orders_dishes (id, dish_id, order_id) values (282, 74, 881);
insert into orders_dishes (id, dish_id, order_id) values (283, 28, 953);
insert into orders_dishes (id, dish_id, order_id) values (284, 38, 339);
insert into orders_dishes (id, dish_id, order_id) values (285, 50, 472);
insert into orders_dishes (id, dish_id, order_id) values (286, 41, 224);
insert into orders_dishes (id, dish_id, order_id) values (287, 89, 948);
insert into orders_dishes (id, dish_id, order_id) values (288, 93, 851);
insert into orders_dishes (id, dish_id, order_id) values (289, 50, 546);
insert into orders_dishes (id, dish_id, order_id) values (290, 98, 786);
insert into orders_dishes (id, dish_id, order_id) values (291, 7, 585);
insert into orders_dishes (id, dish_id, order_id) values (292, 74, 502);
insert into orders_dishes (id, dish_id, order_id) values (293, 44, 896);
insert into orders_dishes (id, dish_id, order_id) values (294, 28, 527);
insert into orders_dishes (id, dish_id, order_id) values (295, 30, 295);
insert into orders_dishes (id, dish_id, order_id) values (296, 22, 824);
insert into orders_dishes (id, dish_id, order_id) values (297, 41, 652);
insert into orders_dishes (id, dish_id, order_id) values (298, 62, 599);
insert into orders_dishes (id, dish_id, order_id) values (299, 2, 802);
insert into orders_dishes (id, dish_id, order_id) values (300, 77, 532);
insert into orders_dishes (id, dish_id, order_id) values (301, 99, 537);
insert into orders_dishes (id, dish_id, order_id) values (302, 15, 455);
insert into orders_dishes (id, dish_id, order_id) values (303, 34, 244);
insert into orders_dishes (id, dish_id, order_id) values (304, 3, 86);
insert into orders_dishes (id, dish_id, order_id) values (305, 85, 424);
insert into orders_dishes (id, dish_id, order_id) values (306, 91, 732);
insert into orders_dishes (id, dish_id, order_id) values (307, 65, 375);
insert into orders_dishes (id, dish_id, order_id) values (308, 78, 416);
insert into orders_dishes (id, dish_id, order_id) values (309, 67, 349);
insert into orders_dishes (id, dish_id, order_id) values (310, 53, 241);
insert into orders_dishes (id, dish_id, order_id) values (311, 11, 685);
insert into orders_dishes (id, dish_id, order_id) values (312, 54, 33);
insert into orders_dishes (id, dish_id, order_id) values (313, 80, 197);
insert into orders_dishes (id, dish_id, order_id) values (314, 92, 688);
insert into orders_dishes (id, dish_id, order_id) values (315, 53, 117);
insert into orders_dishes (id, dish_id, order_id) values (316, 87, 786);
insert into orders_dishes (id, dish_id, order_id) values (317, 97, 538);
insert into orders_dishes (id, dish_id, order_id) values (318, 67, 909);
insert into orders_dishes (id, dish_id, order_id) values (319, 85, 95);
insert into orders_dishes (id, dish_id, order_id) values (320, 31, 5);
insert into orders_dishes (id, dish_id, order_id) values (321, 21, 383);
insert into orders_dishes (id, dish_id, order_id) values (322, 55, 747);
insert into orders_dishes (id, dish_id, order_id) values (323, 61, 719);
insert into orders_dishes (id, dish_id, order_id) values (324, 98, 535);
insert into orders_dishes (id, dish_id, order_id) values (325, 25, 14);
insert into orders_dishes (id, dish_id, order_id) values (326, 59, 819);
insert into orders_dishes (id, dish_id, order_id) values (327, 14, 123);
insert into orders_dishes (id, dish_id, order_id) values (328, 8, 909);
insert into orders_dishes (id, dish_id, order_id) values (329, 42, 652);
insert into orders_dishes (id, dish_id, order_id) values (330, 74, 76);
insert into orders_dishes (id, dish_id, order_id) values (331, 83, 454);
insert into orders_dishes (id, dish_id, order_id) values (332, 18, 82);
insert into orders_dishes (id, dish_id, order_id) values (333, 24, 391);
insert into orders_dishes (id, dish_id, order_id) values (334, 12, 31);
insert into orders_dishes (id, dish_id, order_id) values (335, 40, 141);
insert into orders_dishes (id, dish_id, order_id) values (336, 72, 849);
insert into orders_dishes (id, dish_id, order_id) values (337, 57, 709);
insert into orders_dishes (id, dish_id, order_id) values (338, 71, 169);
insert into orders_dishes (id, dish_id, order_id) values (339, 50, 678);
insert into orders_dishes (id, dish_id, order_id) values (340, 10, 574);
insert into orders_dishes (id, dish_id, order_id) values (341, 96, 131);
insert into orders_dishes (id, dish_id, order_id) values (342, 76, 172);
insert into orders_dishes (id, dish_id, order_id) values (343, 12, 887);
insert into orders_dishes (id, dish_id, order_id) values (344, 88, 637);
insert into orders_dishes (id, dish_id, order_id) values (345, 36, 114);
insert into orders_dishes (id, dish_id, order_id) values (346, 94, 671);
insert into orders_dishes (id, dish_id, order_id) values (347, 63, 806);
insert into orders_dishes (id, dish_id, order_id) values (348, 19, 72);
insert into orders_dishes (id, dish_id, order_id) values (349, 1, 658);
insert into orders_dishes (id, dish_id, order_id) values (350, 64, 527);
insert into orders_dishes (id, dish_id, order_id) values (351, 93, 270);
insert into orders_dishes (id, dish_id, order_id) values (352, 29, 812);
insert into orders_dishes (id, dish_id, order_id) values (353, 8, 971);
insert into orders_dishes (id, dish_id, order_id) values (354, 25, 757);
insert into orders_dishes (id, dish_id, order_id) values (355, 11, 386);
insert into orders_dishes (id, dish_id, order_id) values (356, 62, 831);
insert into orders_dishes (id, dish_id, order_id) values (357, 33, 673);
insert into orders_dishes (id, dish_id, order_id) values (358, 81, 930);
insert into orders_dishes (id, dish_id, order_id) values (359, 9, 847);
insert into orders_dishes (id, dish_id, order_id) values (360, 33, 66);
insert into orders_dishes (id, dish_id, order_id) values (361, 64, 433);
insert into orders_dishes (id, dish_id, order_id) values (362, 92, 807);
insert into orders_dishes (id, dish_id, order_id) values (363, 35, 218);
insert into orders_dishes (id, dish_id, order_id) values (364, 7, 579);
insert into orders_dishes (id, dish_id, order_id) values (365, 18, 774);
insert into orders_dishes (id, dish_id, order_id) values (366, 95, 771);
insert into orders_dishes (id, dish_id, order_id) values (367, 91, 102);
insert into orders_dishes (id, dish_id, order_id) values (368, 45, 214);
insert into orders_dishes (id, dish_id, order_id) values (369, 90, 803);
insert into orders_dishes (id, dish_id, order_id) values (370, 10, 385);
insert into orders_dishes (id, dish_id, order_id) values (371, 40, 980);
insert into orders_dishes (id, dish_id, order_id) values (372, 45, 494);
insert into orders_dishes (id, dish_id, order_id) values (373, 46, 103);
insert into orders_dishes (id, dish_id, order_id) values (374, 61, 870);
insert into orders_dishes (id, dish_id, order_id) values (375, 25, 827);
insert into orders_dishes (id, dish_id, order_id) values (376, 77, 820);
insert into orders_dishes (id, dish_id, order_id) values (377, 75, 513);
insert into orders_dishes (id, dish_id, order_id) values (378, 31, 309);
insert into orders_dishes (id, dish_id, order_id) values (379, 70, 915);
insert into orders_dishes (id, dish_id, order_id) values (380, 69, 29);
insert into orders_dishes (id, dish_id, order_id) values (381, 46, 439);
insert into orders_dishes (id, dish_id, order_id) values (382, 55, 210);
insert into orders_dishes (id, dish_id, order_id) values (383, 25, 351);
insert into orders_dishes (id, dish_id, order_id) values (384, 64, 358);
insert into orders_dishes (id, dish_id, order_id) values (385, 64, 923);
insert into orders_dishes (id, dish_id, order_id) values (386, 96, 801);
insert into orders_dishes (id, dish_id, order_id) values (387, 82, 958);
insert into orders_dishes (id, dish_id, order_id) values (388, 34, 5);
insert into orders_dishes (id, dish_id, order_id) values (389, 70, 583);
insert into orders_dishes (id, dish_id, order_id) values (390, 12, 690);
insert into orders_dishes (id, dish_id, order_id) values (391, 11, 974);
insert into orders_dishes (id, dish_id, order_id) values (392, 94, 164);
insert into orders_dishes (id, dish_id, order_id) values (393, 46, 256);
insert into orders_dishes (id, dish_id, order_id) values (394, 80, 840);
insert into orders_dishes (id, dish_id, order_id) values (395, 1, 830);
insert into orders_dishes (id, dish_id, order_id) values (396, 6, 640);
insert into orders_dishes (id, dish_id, order_id) values (397, 61, 255);
insert into orders_dishes (id, dish_id, order_id) values (398, 90, 982);
insert into orders_dishes (id, dish_id, order_id) values (399, 16, 950);
insert into orders_dishes (id, dish_id, order_id) values (400, 49, 950);
insert into orders_dishes (id, dish_id, order_id) values (401, 17, 216);
insert into orders_dishes (id, dish_id, order_id) values (402, 19, 613);
insert into orders_dishes (id, dish_id, order_id) values (403, 65, 105);
insert into orders_dishes (id, dish_id, order_id) values (404, 5, 510);
insert into orders_dishes (id, dish_id, order_id) values (405, 90, 396);
insert into orders_dishes (id, dish_id, order_id) values (406, 83, 652);
insert into orders_dishes (id, dish_id, order_id) values (407, 3, 470);
insert into orders_dishes (id, dish_id, order_id) values (408, 42, 826);
insert into orders_dishes (id, dish_id, order_id) values (409, 4, 644);
insert into orders_dishes (id, dish_id, order_id) values (410, 46, 773);
insert into orders_dishes (id, dish_id, order_id) values (411, 91, 235);
insert into orders_dishes (id, dish_id, order_id) values (412, 45, 354);
insert into orders_dishes (id, dish_id, order_id) values (413, 95, 431);
insert into orders_dishes (id, dish_id, order_id) values (414, 57, 78);
insert into orders_dishes (id, dish_id, order_id) values (415, 4, 709);
insert into orders_dishes (id, dish_id, order_id) values (416, 45, 8);
insert into orders_dishes (id, dish_id, order_id) values (417, 3, 461);
insert into orders_dishes (id, dish_id, order_id) values (418, 15, 177);
insert into orders_dishes (id, dish_id, order_id) values (419, 37, 101);
insert into orders_dishes (id, dish_id, order_id) values (420, 19, 810);
insert into orders_dishes (id, dish_id, order_id) values (421, 89, 271);
insert into orders_dishes (id, dish_id, order_id) values (422, 34, 210);
insert into orders_dishes (id, dish_id, order_id) values (423, 81, 340);
insert into orders_dishes (id, dish_id, order_id) values (424, 26, 49);
insert into orders_dishes (id, dish_id, order_id) values (425, 66, 609);
insert into orders_dishes (id, dish_id, order_id) values (426, 41, 225);
insert into orders_dishes (id, dish_id, order_id) values (427, 60, 324);
insert into orders_dishes (id, dish_id, order_id) values (428, 62, 437);
insert into orders_dishes (id, dish_id, order_id) values (429, 1, 612);
insert into orders_dishes (id, dish_id, order_id) values (430, 32, 722);
insert into orders_dishes (id, dish_id, order_id) values (431, 65, 191);
insert into orders_dishes (id, dish_id, order_id) values (432, 93, 466);
insert into orders_dishes (id, dish_id, order_id) values (433, 61, 824);
insert into orders_dishes (id, dish_id, order_id) values (434, 82, 479);
insert into orders_dishes (id, dish_id, order_id) values (435, 76, 385);
insert into orders_dishes (id, dish_id, order_id) values (436, 83, 475);
insert into orders_dishes (id, dish_id, order_id) values (437, 44, 710);
insert into orders_dishes (id, dish_id, order_id) values (438, 89, 359);
insert into orders_dishes (id, dish_id, order_id) values (439, 70, 130);
insert into orders_dishes (id, dish_id, order_id) values (440, 66, 319);
insert into orders_dishes (id, dish_id, order_id) values (441, 21, 212);
insert into orders_dishes (id, dish_id, order_id) values (442, 35, 435);
insert into orders_dishes (id, dish_id, order_id) values (443, 2, 84);
insert into orders_dishes (id, dish_id, order_id) values (444, 72, 438);
insert into orders_dishes (id, dish_id, order_id) values (445, 33, 561);
insert into orders_dishes (id, dish_id, order_id) values (446, 35, 467);
insert into orders_dishes (id, dish_id, order_id) values (447, 36, 433);
insert into orders_dishes (id, dish_id, order_id) values (448, 23, 626);
insert into orders_dishes (id, dish_id, order_id) values (449, 76, 859);
insert into orders_dishes (id, dish_id, order_id) values (450, 93, 721);
insert into orders_dishes (id, dish_id, order_id) values (451, 24, 86);
insert into orders_dishes (id, dish_id, order_id) values (452, 80, 872);
insert into orders_dishes (id, dish_id, order_id) values (453, 48, 871);
insert into orders_dishes (id, dish_id, order_id) values (454, 19, 218);
insert into orders_dishes (id, dish_id, order_id) values (455, 68, 625);
insert into orders_dishes (id, dish_id, order_id) values (456, 59, 472);
insert into orders_dishes (id, dish_id, order_id) values (457, 43, 966);
insert into orders_dishes (id, dish_id, order_id) values (458, 16, 342);
insert into orders_dishes (id, dish_id, order_id) values (459, 92, 385);
insert into orders_dishes (id, dish_id, order_id) values (460, 36, 103);
insert into orders_dishes (id, dish_id, order_id) values (461, 4, 182);
insert into orders_dishes (id, dish_id, order_id) values (462, 55, 536);
insert into orders_dishes (id, dish_id, order_id) values (463, 28, 474);
insert into orders_dishes (id, dish_id, order_id) values (464, 10, 383);
insert into orders_dishes (id, dish_id, order_id) values (465, 83, 96);
insert into orders_dishes (id, dish_id, order_id) values (466, 49, 707);
insert into orders_dishes (id, dish_id, order_id) values (467, 35, 312);
insert into orders_dishes (id, dish_id, order_id) values (468, 53, 67);
insert into orders_dishes (id, dish_id, order_id) values (469, 6, 862);
insert into orders_dishes (id, dish_id, order_id) values (470, 25, 620);
insert into orders_dishes (id, dish_id, order_id) values (471, 51, 365);
insert into orders_dishes (id, dish_id, order_id) values (472, 70, 554);
insert into orders_dishes (id, dish_id, order_id) values (473, 46, 244);
insert into orders_dishes (id, dish_id, order_id) values (474, 47, 524);
insert into orders_dishes (id, dish_id, order_id) values (475, 36, 681);
insert into orders_dishes (id, dish_id, order_id) values (476, 32, 717);
insert into orders_dishes (id, dish_id, order_id) values (477, 11, 808);
insert into orders_dishes (id, dish_id, order_id) values (478, 41, 203);
insert into orders_dishes (id, dish_id, order_id) values (479, 31, 651);
insert into orders_dishes (id, dish_id, order_id) values (480, 18, 970);
insert into orders_dishes (id, dish_id, order_id) values (481, 7, 605);
insert into orders_dishes (id, dish_id, order_id) values (482, 23, 131);
insert into orders_dishes (id, dish_id, order_id) values (483, 66, 991);
insert into orders_dishes (id, dish_id, order_id) values (484, 93, 386);
insert into orders_dishes (id, dish_id, order_id) values (485, 58, 112);
insert into orders_dishes (id, dish_id, order_id) values (486, 91, 828);
insert into orders_dishes (id, dish_id, order_id) values (487, 81, 612);
insert into orders_dishes (id, dish_id, order_id) values (488, 73, 546);
insert into orders_dishes (id, dish_id, order_id) values (489, 71, 120);
insert into orders_dishes (id, dish_id, order_id) values (490, 48, 165);
insert into orders_dishes (id, dish_id, order_id) values (491, 7, 93);
insert into orders_dishes (id, dish_id, order_id) values (492, 9, 931);
insert into orders_dishes (id, dish_id, order_id) values (493, 65, 279);
insert into orders_dishes (id, dish_id, order_id) values (494, 25, 556);
insert into orders_dishes (id, dish_id, order_id) values (495, 52, 937);
insert into orders_dishes (id, dish_id, order_id) values (496, 58, 117);
insert into orders_dishes (id, dish_id, order_id) values (497, 15, 285);
insert into orders_dishes (id, dish_id, order_id) values (498, 95, 913);
insert into orders_dishes (id, dish_id, order_id) values (499, 31, 612);
insert into orders_dishes (id, dish_id, order_id) values (500, 85, 351);
insert into orders_dishes (id, dish_id, order_id) values (501, 92, 5);
insert into orders_dishes (id, dish_id, order_id) values (502, 87, 46);
insert into orders_dishes (id, dish_id, order_id) values (503, 67, 168);
insert into orders_dishes (id, dish_id, order_id) values (504, 71, 482);
insert into orders_dishes (id, dish_id, order_id) values (505, 66, 641);
insert into orders_dishes (id, dish_id, order_id) values (506, 79, 948);
insert into orders_dishes (id, dish_id, order_id) values (507, 63, 771);
insert into orders_dishes (id, dish_id, order_id) values (508, 60, 190);
insert into orders_dishes (id, dish_id, order_id) values (509, 58, 646);
insert into orders_dishes (id, dish_id, order_id) values (510, 80, 749);
insert into orders_dishes (id, dish_id, order_id) values (511, 11, 943);
insert into orders_dishes (id, dish_id, order_id) values (512, 30, 856);
insert into orders_dishes (id, dish_id, order_id) values (513, 81, 970);
insert into orders_dishes (id, dish_id, order_id) values (514, 75, 667);
insert into orders_dishes (id, dish_id, order_id) values (515, 90, 869);
insert into orders_dishes (id, dish_id, order_id) values (516, 100, 650);
insert into orders_dishes (id, dish_id, order_id) values (517, 10, 183);
insert into orders_dishes (id, dish_id, order_id) values (518, 50, 411);
insert into orders_dishes (id, dish_id, order_id) values (519, 84, 412);
insert into orders_dishes (id, dish_id, order_id) values (520, 95, 474);
insert into orders_dishes (id, dish_id, order_id) values (521, 22, 504);
insert into orders_dishes (id, dish_id, order_id) values (522, 86, 286);
insert into orders_dishes (id, dish_id, order_id) values (523, 4, 640);
insert into orders_dishes (id, dish_id, order_id) values (524, 34, 183);
insert into orders_dishes (id, dish_id, order_id) values (525, 27, 705);
insert into orders_dishes (id, dish_id, order_id) values (526, 11, 163);
insert into orders_dishes (id, dish_id, order_id) values (527, 79, 308);
insert into orders_dishes (id, dish_id, order_id) values (528, 38, 697);
insert into orders_dishes (id, dish_id, order_id) values (529, 55, 962);
insert into orders_dishes (id, dish_id, order_id) values (530, 57, 284);
insert into orders_dishes (id, dish_id, order_id) values (531, 41, 916);
insert into orders_dishes (id, dish_id, order_id) values (532, 7, 601);
insert into orders_dishes (id, dish_id, order_id) values (533, 40, 87);
insert into orders_dishes (id, dish_id, order_id) values (534, 79, 87);
insert into orders_dishes (id, dish_id, order_id) values (535, 41, 914);
insert into orders_dishes (id, dish_id, order_id) values (536, 97, 41);
insert into orders_dishes (id, dish_id, order_id) values (537, 40, 133);
insert into orders_dishes (id, dish_id, order_id) values (538, 95, 727);
insert into orders_dishes (id, dish_id, order_id) values (539, 1, 394);
insert into orders_dishes (id, dish_id, order_id) values (540, 27, 766);
insert into orders_dishes (id, dish_id, order_id) values (541, 91, 149);
insert into orders_dishes (id, dish_id, order_id) values (542, 56, 205);
insert into orders_dishes (id, dish_id, order_id) values (543, 25, 118);
insert into orders_dishes (id, dish_id, order_id) values (544, 87, 24);
insert into orders_dishes (id, dish_id, order_id) values (545, 81, 687);
insert into orders_dishes (id, dish_id, order_id) values (546, 12, 666);
insert into orders_dishes (id, dish_id, order_id) values (547, 19, 193);
insert into orders_dishes (id, dish_id, order_id) values (548, 1, 376);
insert into orders_dishes (id, dish_id, order_id) values (549, 18, 248);
insert into orders_dishes (id, dish_id, order_id) values (550, 30, 9);
insert into orders_dishes (id, dish_id, order_id) values (551, 81, 764);
insert into orders_dishes (id, dish_id, order_id) values (552, 27, 435);
insert into orders_dishes (id, dish_id, order_id) values (553, 75, 254);
insert into orders_dishes (id, dish_id, order_id) values (554, 16, 431);
insert into orders_dishes (id, dish_id, order_id) values (555, 39, 173);
insert into orders_dishes (id, dish_id, order_id) values (556, 29, 761);
insert into orders_dishes (id, dish_id, order_id) values (557, 9, 344);
insert into orders_dishes (id, dish_id, order_id) values (558, 31, 123);
insert into orders_dishes (id, dish_id, order_id) values (559, 91, 244);
insert into orders_dishes (id, dish_id, order_id) values (560, 52, 869);
insert into orders_dishes (id, dish_id, order_id) values (561, 95, 917);
insert into orders_dishes (id, dish_id, order_id) values (562, 53, 12);
insert into orders_dishes (id, dish_id, order_id) values (563, 86, 399);
insert into orders_dishes (id, dish_id, order_id) values (564, 84, 507);
insert into orders_dishes (id, dish_id, order_id) values (565, 70, 885);
insert into orders_dishes (id, dish_id, order_id) values (566, 14, 538);
insert into orders_dishes (id, dish_id, order_id) values (567, 100, 130);
insert into orders_dishes (id, dish_id, order_id) values (568, 100, 265);
insert into orders_dishes (id, dish_id, order_id) values (569, 58, 804);
insert into orders_dishes (id, dish_id, order_id) values (570, 55, 525);
insert into orders_dishes (id, dish_id, order_id) values (571, 52, 576);
insert into orders_dishes (id, dish_id, order_id) values (572, 7, 740);
insert into orders_dishes (id, dish_id, order_id) values (573, 63, 243);
insert into orders_dishes (id, dish_id, order_id) values (574, 95, 141);
insert into orders_dishes (id, dish_id, order_id) values (575, 15, 947);
insert into orders_dishes (id, dish_id, order_id) values (576, 70, 555);
insert into orders_dishes (id, dish_id, order_id) values (577, 6, 143);
insert into orders_dishes (id, dish_id, order_id) values (578, 29, 562);
insert into orders_dishes (id, dish_id, order_id) values (579, 21, 772);
insert into orders_dishes (id, dish_id, order_id) values (580, 35, 49);
insert into orders_dishes (id, dish_id, order_id) values (581, 1, 442);
insert into orders_dishes (id, dish_id, order_id) values (582, 90, 485);
insert into orders_dishes (id, dish_id, order_id) values (583, 47, 556);
insert into orders_dishes (id, dish_id, order_id) values (584, 17, 714);
insert into orders_dishes (id, dish_id, order_id) values (585, 75, 353);
insert into orders_dishes (id, dish_id, order_id) values (586, 9, 481);
insert into orders_dishes (id, dish_id, order_id) values (587, 91, 621);
insert into orders_dishes (id, dish_id, order_id) values (588, 46, 382);
insert into orders_dishes (id, dish_id, order_id) values (589, 86, 208);
insert into orders_dishes (id, dish_id, order_id) values (590, 32, 732);
insert into orders_dishes (id, dish_id, order_id) values (591, 24, 321);
insert into orders_dishes (id, dish_id, order_id) values (592, 33, 369);
insert into orders_dishes (id, dish_id, order_id) values (593, 95, 781);
insert into orders_dishes (id, dish_id, order_id) values (594, 9, 794);
insert into orders_dishes (id, dish_id, order_id) values (595, 59, 513);
insert into orders_dishes (id, dish_id, order_id) values (596, 39, 538);
insert into orders_dishes (id, dish_id, order_id) values (597, 89, 608);
insert into orders_dishes (id, dish_id, order_id) values (598, 20, 29);
insert into orders_dishes (id, dish_id, order_id) values (599, 40, 609);
insert into orders_dishes (id, dish_id, order_id) values (600, 77, 291);
insert into orders_dishes (id, dish_id, order_id) values (601, 92, 200);
insert into orders_dishes (id, dish_id, order_id) values (602, 90, 734);
insert into orders_dishes (id, dish_id, order_id) values (603, 68, 215);
insert into orders_dishes (id, dish_id, order_id) values (604, 42, 74);
insert into orders_dishes (id, dish_id, order_id) values (605, 41, 555);
insert into orders_dishes (id, dish_id, order_id) values (606, 35, 22);
insert into orders_dishes (id, dish_id, order_id) values (607, 33, 566);
insert into orders_dishes (id, dish_id, order_id) values (608, 3, 341);
insert into orders_dishes (id, dish_id, order_id) values (609, 74, 415);
insert into orders_dishes (id, dish_id, order_id) values (610, 42, 965);
insert into orders_dishes (id, dish_id, order_id) values (611, 8, 573);
insert into orders_dishes (id, dish_id, order_id) values (612, 23, 596);
insert into orders_dishes (id, dish_id, order_id) values (613, 96, 875);
insert into orders_dishes (id, dish_id, order_id) values (614, 65, 481);
insert into orders_dishes (id, dish_id, order_id) values (615, 11, 115);
insert into orders_dishes (id, dish_id, order_id) values (616, 99, 455);
insert into orders_dishes (id, dish_id, order_id) values (617, 58, 319);
insert into orders_dishes (id, dish_id, order_id) values (618, 96, 459);
insert into orders_dishes (id, dish_id, order_id) values (619, 78, 890);
insert into orders_dishes (id, dish_id, order_id) values (620, 89, 759);
insert into orders_dishes (id, dish_id, order_id) values (621, 38, 155);
insert into orders_dishes (id, dish_id, order_id) values (622, 6, 677);
insert into orders_dishes (id, dish_id, order_id) values (623, 84, 923);
insert into orders_dishes (id, dish_id, order_id) values (624, 29, 664);
insert into orders_dishes (id, dish_id, order_id) values (625, 94, 405);
insert into orders_dishes (id, dish_id, order_id) values (626, 99, 972);
insert into orders_dishes (id, dish_id, order_id) values (627, 24, 978);
insert into orders_dishes (id, dish_id, order_id) values (628, 75, 36);
insert into orders_dishes (id, dish_id, order_id) values (629, 36, 185);
insert into orders_dishes (id, dish_id, order_id) values (630, 83, 368);
insert into orders_dishes (id, dish_id, order_id) values (631, 89, 802);
insert into orders_dishes (id, dish_id, order_id) values (632, 39, 948);
insert into orders_dishes (id, dish_id, order_id) values (633, 31, 639);
insert into orders_dishes (id, dish_id, order_id) values (634, 17, 333);
insert into orders_dishes (id, dish_id, order_id) values (635, 19, 370);
insert into orders_dishes (id, dish_id, order_id) values (636, 9, 635);
insert into orders_dishes (id, dish_id, order_id) values (637, 27, 679);
insert into orders_dishes (id, dish_id, order_id) values (638, 24, 179);
insert into orders_dishes (id, dish_id, order_id) values (639, 73, 802);
insert into orders_dishes (id, dish_id, order_id) values (640, 19, 87);
insert into orders_dishes (id, dish_id, order_id) values (641, 2, 352);
insert into orders_dishes (id, dish_id, order_id) values (642, 33, 453);
insert into orders_dishes (id, dish_id, order_id) values (643, 85, 178);
insert into orders_dishes (id, dish_id, order_id) values (644, 12, 506);
insert into orders_dishes (id, dish_id, order_id) values (645, 79, 453);
insert into orders_dishes (id, dish_id, order_id) values (646, 11, 723);
insert into orders_dishes (id, dish_id, order_id) values (647, 25, 173);
insert into orders_dishes (id, dish_id, order_id) values (648, 7, 404);
insert into orders_dishes (id, dish_id, order_id) values (649, 77, 236);
insert into orders_dishes (id, dish_id, order_id) values (650, 36, 479);
insert into orders_dishes (id, dish_id, order_id) values (651, 57, 434);
insert into orders_dishes (id, dish_id, order_id) values (652, 11, 206);
insert into orders_dishes (id, dish_id, order_id) values (653, 10, 816);
insert into orders_dishes (id, dish_id, order_id) values (654, 86, 603);
insert into orders_dishes (id, dish_id, order_id) values (655, 50, 558);
insert into orders_dishes (id, dish_id, order_id) values (656, 63, 93);
insert into orders_dishes (id, dish_id, order_id) values (657, 53, 208);
insert into orders_dishes (id, dish_id, order_id) values (658, 86, 463);
insert into orders_dishes (id, dish_id, order_id) values (659, 80, 34);
insert into orders_dishes (id, dish_id, order_id) values (660, 87, 665);
insert into orders_dishes (id, dish_id, order_id) values (661, 98, 838);
insert into orders_dishes (id, dish_id, order_id) values (662, 79, 879);
insert into orders_dishes (id, dish_id, order_id) values (663, 29, 445);
insert into orders_dishes (id, dish_id, order_id) values (664, 20, 732);
insert into orders_dishes (id, dish_id, order_id) values (665, 46, 326);
insert into orders_dishes (id, dish_id, order_id) values (666, 75, 874);
insert into orders_dishes (id, dish_id, order_id) values (667, 6, 882);
insert into orders_dishes (id, dish_id, order_id) values (668, 76, 704);
insert into orders_dishes (id, dish_id, order_id) values (669, 32, 350);
insert into orders_dishes (id, dish_id, order_id) values (670, 75, 316);
insert into orders_dishes (id, dish_id, order_id) values (671, 92, 662);
insert into orders_dishes (id, dish_id, order_id) values (672, 91, 647);
insert into orders_dishes (id, dish_id, order_id) values (673, 48, 767);
insert into orders_dishes (id, dish_id, order_id) values (674, 40, 176);
insert into orders_dishes (id, dish_id, order_id) values (675, 31, 676);
insert into orders_dishes (id, dish_id, order_id) values (676, 73, 307);
insert into orders_dishes (id, dish_id, order_id) values (677, 67, 687);
insert into orders_dishes (id, dish_id, order_id) values (678, 96, 631);
insert into orders_dishes (id, dish_id, order_id) values (679, 27, 736);
insert into orders_dishes (id, dish_id, order_id) values (680, 99, 65);
insert into orders_dishes (id, dish_id, order_id) values (681, 28, 138);
insert into orders_dishes (id, dish_id, order_id) values (682, 33, 686);
insert into orders_dishes (id, dish_id, order_id) values (683, 37, 911);
insert into orders_dishes (id, dish_id, order_id) values (684, 33, 226);
insert into orders_dishes (id, dish_id, order_id) values (685, 37, 608);
insert into orders_dishes (id, dish_id, order_id) values (686, 26, 254);
insert into orders_dishes (id, dish_id, order_id) values (687, 76, 818);
insert into orders_dishes (id, dish_id, order_id) values (688, 2, 935);
insert into orders_dishes (id, dish_id, order_id) values (689, 88, 240);
insert into orders_dishes (id, dish_id, order_id) values (690, 83, 177);
insert into orders_dishes (id, dish_id, order_id) values (691, 27, 529);
insert into orders_dishes (id, dish_id, order_id) values (692, 54, 96);
insert into orders_dishes (id, dish_id, order_id) values (693, 34, 934);
insert into orders_dishes (id, dish_id, order_id) values (694, 97, 813);
insert into orders_dishes (id, dish_id, order_id) values (695, 96, 943);
insert into orders_dishes (id, dish_id, order_id) values (696, 56, 512);
insert into orders_dishes (id, dish_id, order_id) values (697, 53, 429);
insert into orders_dishes (id, dish_id, order_id) values (698, 38, 536);
insert into orders_dishes (id, dish_id, order_id) values (699, 4, 249);
insert into orders_dishes (id, dish_id, order_id) values (700, 37, 742);
insert into orders_dishes (id, dish_id, order_id) values (701, 69, 78);
insert into orders_dishes (id, dish_id, order_id) values (702, 65, 991);
insert into orders_dishes (id, dish_id, order_id) values (703, 79, 101);
insert into orders_dishes (id, dish_id, order_id) values (704, 14, 944);
insert into orders_dishes (id, dish_id, order_id) values (705, 92, 491);
insert into orders_dishes (id, dish_id, order_id) values (706, 27, 835);
insert into orders_dishes (id, dish_id, order_id) values (707, 20, 300);
insert into orders_dishes (id, dish_id, order_id) values (708, 19, 72);
insert into orders_dishes (id, dish_id, order_id) values (709, 53, 134);
insert into orders_dishes (id, dish_id, order_id) values (710, 42, 75);
insert into orders_dishes (id, dish_id, order_id) values (711, 67, 620);
insert into orders_dishes (id, dish_id, order_id) values (712, 9, 111);
insert into orders_dishes (id, dish_id, order_id) values (713, 2, 923);
insert into orders_dishes (id, dish_id, order_id) values (714, 23, 89);
insert into orders_dishes (id, dish_id, order_id) values (715, 82, 155);
insert into orders_dishes (id, dish_id, order_id) values (716, 24, 477);
insert into orders_dishes (id, dish_id, order_id) values (717, 57, 848);
insert into orders_dishes (id, dish_id, order_id) values (718, 72, 880);
insert into orders_dishes (id, dish_id, order_id) values (719, 64, 72);
insert into orders_dishes (id, dish_id, order_id) values (720, 23, 209);
insert into orders_dishes (id, dish_id, order_id) values (721, 43, 250);
insert into orders_dishes (id, dish_id, order_id) values (722, 40, 331);
insert into orders_dishes (id, dish_id, order_id) values (723, 81, 638);
insert into orders_dishes (id, dish_id, order_id) values (724, 65, 131);
insert into orders_dishes (id, dish_id, order_id) values (725, 91, 704);
insert into orders_dishes (id, dish_id, order_id) values (726, 40, 556);
insert into orders_dishes (id, dish_id, order_id) values (727, 56, 186);
insert into orders_dishes (id, dish_id, order_id) values (728, 78, 589);
insert into orders_dishes (id, dish_id, order_id) values (729, 81, 615);
insert into orders_dishes (id, dish_id, order_id) values (730, 95, 779);
insert into orders_dishes (id, dish_id, order_id) values (731, 26, 879);
insert into orders_dishes (id, dish_id, order_id) values (732, 28, 969);
insert into orders_dishes (id, dish_id, order_id) values (733, 4, 866);
insert into orders_dishes (id, dish_id, order_id) values (734, 64, 770);
insert into orders_dishes (id, dish_id, order_id) values (735, 45, 670);
insert into orders_dishes (id, dish_id, order_id) values (736, 39, 540);
insert into orders_dishes (id, dish_id, order_id) values (737, 63, 210);
insert into orders_dishes (id, dish_id, order_id) values (738, 30, 191);
insert into orders_dishes (id, dish_id, order_id) values (739, 32, 855);
insert into orders_dishes (id, dish_id, order_id) values (740, 91, 677);
insert into orders_dishes (id, dish_id, order_id) values (741, 95, 172);
insert into orders_dishes (id, dish_id, order_id) values (742, 36, 213);
insert into orders_dishes (id, dish_id, order_id) values (743, 41, 325);
insert into orders_dishes (id, dish_id, order_id) values (744, 17, 470);
insert into orders_dishes (id, dish_id, order_id) values (745, 60, 287);
insert into orders_dishes (id, dish_id, order_id) values (746, 16, 786);
insert into orders_dishes (id, dish_id, order_id) values (747, 60, 377);
insert into orders_dishes (id, dish_id, order_id) values (748, 58, 394);
insert into orders_dishes (id, dish_id, order_id) values (749, 73, 629);
insert into orders_dishes (id, dish_id, order_id) values (750, 89, 167);
insert into orders_dishes (id, dish_id, order_id) values (751, 82, 858);
insert into orders_dishes (id, dish_id, order_id) values (752, 35, 632);
insert into orders_dishes (id, dish_id, order_id) values (753, 99, 207);
insert into orders_dishes (id, dish_id, order_id) values (754, 64, 955);
insert into orders_dishes (id, dish_id, order_id) values (755, 18, 932);
insert into orders_dishes (id, dish_id, order_id) values (756, 9, 258);
insert into orders_dishes (id, dish_id, order_id) values (757, 73, 481);
insert into orders_dishes (id, dish_id, order_id) values (758, 2, 378);
insert into orders_dishes (id, dish_id, order_id) values (759, 4, 677);
insert into orders_dishes (id, dish_id, order_id) values (760, 53, 446);
insert into orders_dishes (id, dish_id, order_id) values (761, 15, 77);
insert into orders_dishes (id, dish_id, order_id) values (762, 61, 912);
insert into orders_dishes (id, dish_id, order_id) values (763, 92, 959);
insert into orders_dishes (id, dish_id, order_id) values (764, 88, 704);
insert into orders_dishes (id, dish_id, order_id) values (765, 12, 851);
insert into orders_dishes (id, dish_id, order_id) values (766, 80, 379);
insert into orders_dishes (id, dish_id, order_id) values (767, 57, 431);
insert into orders_dishes (id, dish_id, order_id) values (768, 55, 327);
insert into orders_dishes (id, dish_id, order_id) values (769, 46, 7);
insert into orders_dishes (id, dish_id, order_id) values (770, 66, 915);
insert into orders_dishes (id, dish_id, order_id) values (771, 23, 950);
insert into orders_dishes (id, dish_id, order_id) values (772, 87, 686);
insert into orders_dishes (id, dish_id, order_id) values (773, 74, 624);
insert into orders_dishes (id, dish_id, order_id) values (774, 83, 836);
insert into orders_dishes (id, dish_id, order_id) values (775, 8, 71);
insert into orders_dishes (id, dish_id, order_id) values (776, 76, 63);
insert into orders_dishes (id, dish_id, order_id) values (777, 18, 169);
insert into orders_dishes (id, dish_id, order_id) values (778, 87, 890);
insert into orders_dishes (id, dish_id, order_id) values (779, 2, 576);
insert into orders_dishes (id, dish_id, order_id) values (780, 83, 844);
insert into orders_dishes (id, dish_id, order_id) values (781, 62, 561);
insert into orders_dishes (id, dish_id, order_id) values (782, 82, 112);
insert into orders_dishes (id, dish_id, order_id) values (783, 66, 532);
insert into orders_dishes (id, dish_id, order_id) values (784, 47, 131);
insert into orders_dishes (id, dish_id, order_id) values (785, 97, 557);
insert into orders_dishes (id, dish_id, order_id) values (786, 27, 966);
insert into orders_dishes (id, dish_id, order_id) values (787, 47, 496);
insert into orders_dishes (id, dish_id, order_id) values (788, 16, 959);
insert into orders_dishes (id, dish_id, order_id) values (789, 10, 603);
insert into orders_dishes (id, dish_id, order_id) values (790, 63, 196);
insert into orders_dishes (id, dish_id, order_id) values (791, 4, 582);
insert into orders_dishes (id, dish_id, order_id) values (792, 72, 944);
insert into orders_dishes (id, dish_id, order_id) values (793, 57, 220);
insert into orders_dishes (id, dish_id, order_id) values (794, 10, 427);
insert into orders_dishes (id, dish_id, order_id) values (795, 42, 638);
insert into orders_dishes (id, dish_id, order_id) values (796, 5, 278);
insert into orders_dishes (id, dish_id, order_id) values (797, 88, 195);
insert into orders_dishes (id, dish_id, order_id) values (798, 81, 237);
insert into orders_dishes (id, dish_id, order_id) values (799, 30, 288);
insert into orders_dishes (id, dish_id, order_id) values (800, 4, 630);
insert into orders_dishes (id, dish_id, order_id) values (801, 50, 328);
insert into orders_dishes (id, dish_id, order_id) values (802, 36, 786);
insert into orders_dishes (id, dish_id, order_id) values (803, 93, 212);
insert into orders_dishes (id, dish_id, order_id) values (804, 89, 833);
insert into orders_dishes (id, dish_id, order_id) values (805, 24, 713);
insert into orders_dishes (id, dish_id, order_id) values (806, 82, 655);
insert into orders_dishes (id, dish_id, order_id) values (807, 73, 752);
insert into orders_dishes (id, dish_id, order_id) values (808, 95, 201);
insert into orders_dishes (id, dish_id, order_id) values (809, 17, 904);
insert into orders_dishes (id, dish_id, order_id) values (810, 94, 928);
insert into orders_dishes (id, dish_id, order_id) values (811, 77, 581);
insert into orders_dishes (id, dish_id, order_id) values (812, 56, 169);
insert into orders_dishes (id, dish_id, order_id) values (813, 9, 656);
insert into orders_dishes (id, dish_id, order_id) values (814, 94, 539);
insert into orders_dishes (id, dish_id, order_id) values (815, 53, 403);
insert into orders_dishes (id, dish_id, order_id) values (816, 91, 184);
insert into orders_dishes (id, dish_id, order_id) values (817, 44, 601);
insert into orders_dishes (id, dish_id, order_id) values (818, 57, 596);
insert into orders_dishes (id, dish_id, order_id) values (819, 26, 277);
insert into orders_dishes (id, dish_id, order_id) values (820, 46, 88);
insert into orders_dishes (id, dish_id, order_id) values (821, 28, 330);
insert into orders_dishes (id, dish_id, order_id) values (822, 28, 57);
insert into orders_dishes (id, dish_id, order_id) values (823, 29, 158);
insert into orders_dishes (id, dish_id, order_id) values (824, 100, 109);
insert into orders_dishes (id, dish_id, order_id) values (825, 53, 634);
insert into orders_dishes (id, dish_id, order_id) values (826, 18, 487);
insert into orders_dishes (id, dish_id, order_id) values (827, 78, 442);
insert into orders_dishes (id, dish_id, order_id) values (828, 11, 89);
insert into orders_dishes (id, dish_id, order_id) values (829, 30, 292);
insert into orders_dishes (id, dish_id, order_id) values (830, 60, 958);
insert into orders_dishes (id, dish_id, order_id) values (831, 45, 476);
insert into orders_dishes (id, dish_id, order_id) values (832, 29, 370);
insert into orders_dishes (id, dish_id, order_id) values (833, 30, 505);
insert into orders_dishes (id, dish_id, order_id) values (834, 11, 342);
insert into orders_dishes (id, dish_id, order_id) values (835, 85, 515);
insert into orders_dishes (id, dish_id, order_id) values (836, 73, 191);
insert into orders_dishes (id, dish_id, order_id) values (837, 62, 263);
insert into orders_dishes (id, dish_id, order_id) values (838, 80, 463);
insert into orders_dishes (id, dish_id, order_id) values (839, 59, 997);
insert into orders_dishes (id, dish_id, order_id) values (840, 25, 382);
insert into orders_dishes (id, dish_id, order_id) values (841, 6, 365);
insert into orders_dishes (id, dish_id, order_id) values (842, 99, 542);
insert into orders_dishes (id, dish_id, order_id) values (843, 89, 373);
insert into orders_dishes (id, dish_id, order_id) values (844, 8, 794);
insert into orders_dishes (id, dish_id, order_id) values (845, 3, 92);
insert into orders_dishes (id, dish_id, order_id) values (846, 45, 156);
insert into orders_dishes (id, dish_id, order_id) values (847, 98, 440);
insert into orders_dishes (id, dish_id, order_id) values (848, 68, 318);
insert into orders_dishes (id, dish_id, order_id) values (849, 6, 732);
insert into orders_dishes (id, dish_id, order_id) values (850, 28, 571);
insert into orders_dishes (id, dish_id, order_id) values (851, 28, 368);
insert into orders_dishes (id, dish_id, order_id) values (852, 80, 86);
insert into orders_dishes (id, dish_id, order_id) values (853, 77, 361);
insert into orders_dishes (id, dish_id, order_id) values (854, 30, 416);
insert into orders_dishes (id, dish_id, order_id) values (855, 87, 889);
insert into orders_dishes (id, dish_id, order_id) values (856, 80, 979);
insert into orders_dishes (id, dish_id, order_id) values (857, 34, 499);
insert into orders_dishes (id, dish_id, order_id) values (858, 8, 700);
insert into orders_dishes (id, dish_id, order_id) values (859, 76, 626);
insert into orders_dishes (id, dish_id, order_id) values (860, 90, 69);
insert into orders_dishes (id, dish_id, order_id) values (861, 28, 454);
insert into orders_dishes (id, dish_id, order_id) values (862, 93, 950);
insert into orders_dishes (id, dish_id, order_id) values (863, 92, 486);
insert into orders_dishes (id, dish_id, order_id) values (864, 59, 241);
insert into orders_dishes (id, dish_id, order_id) values (865, 5, 21);
insert into orders_dishes (id, dish_id, order_id) values (866, 48, 319);
insert into orders_dishes (id, dish_id, order_id) values (867, 81, 919);
insert into orders_dishes (id, dish_id, order_id) values (868, 99, 273);
insert into orders_dishes (id, dish_id, order_id) values (869, 73, 738);
insert into orders_dishes (id, dish_id, order_id) values (870, 21, 175);
insert into orders_dishes (id, dish_id, order_id) values (871, 5, 459);
insert into orders_dishes (id, dish_id, order_id) values (872, 42, 377);
insert into orders_dishes (id, dish_id, order_id) values (873, 41, 406);
insert into orders_dishes (id, dish_id, order_id) values (874, 92, 586);
insert into orders_dishes (id, dish_id, order_id) values (875, 79, 140);
insert into orders_dishes (id, dish_id, order_id) values (876, 43, 323);
insert into orders_dishes (id, dish_id, order_id) values (877, 45, 757);
insert into orders_dishes (id, dish_id, order_id) values (878, 74, 821);
insert into orders_dishes (id, dish_id, order_id) values (879, 92, 300);
insert into orders_dishes (id, dish_id, order_id) values (880, 83, 169);
insert into orders_dishes (id, dish_id, order_id) values (881, 76, 699);
insert into orders_dishes (id, dish_id, order_id) values (882, 43, 561);
insert into orders_dishes (id, dish_id, order_id) values (883, 50, 629);
insert into orders_dishes (id, dish_id, order_id) values (884, 17, 606);
insert into orders_dishes (id, dish_id, order_id) values (885, 13, 270);
insert into orders_dishes (id, dish_id, order_id) values (886, 74, 96);
insert into orders_dishes (id, dish_id, order_id) values (887, 24, 428);
insert into orders_dishes (id, dish_id, order_id) values (888, 45, 328);
insert into orders_dishes (id, dish_id, order_id) values (889, 59, 616);
insert into orders_dishes (id, dish_id, order_id) values (890, 81, 340);
insert into orders_dishes (id, dish_id, order_id) values (891, 43, 559);
insert into orders_dishes (id, dish_id, order_id) values (892, 25, 250);
insert into orders_dishes (id, dish_id, order_id) values (893, 32, 391);
insert into orders_dishes (id, dish_id, order_id) values (894, 37, 404);
insert into orders_dishes (id, dish_id, order_id) values (895, 76, 595);
insert into orders_dishes (id, dish_id, order_id) values (896, 76, 618);
insert into orders_dishes (id, dish_id, order_id) values (897, 77, 700);
insert into orders_dishes (id, dish_id, order_id) values (898, 78, 270);
insert into orders_dishes (id, dish_id, order_id) values (899, 69, 175);
insert into orders_dishes (id, dish_id, order_id) values (900, 20, 518);
insert into orders_dishes (id, dish_id, order_id) values (901, 7, 135);
insert into orders_dishes (id, dish_id, order_id) values (902, 89, 560);
insert into orders_dishes (id, dish_id, order_id) values (903, 47, 115);
insert into orders_dishes (id, dish_id, order_id) values (904, 80, 629);
insert into orders_dishes (id, dish_id, order_id) values (905, 21, 734);
insert into orders_dishes (id, dish_id, order_id) values (906, 8, 90);
insert into orders_dishes (id, dish_id, order_id) values (907, 99, 324);
insert into orders_dishes (id, dish_id, order_id) values (908, 29, 418);
insert into orders_dishes (id, dish_id, order_id) values (909, 50, 528);
insert into orders_dishes (id, dish_id, order_id) values (910, 75, 22);
insert into orders_dishes (id, dish_id, order_id) values (911, 4, 910);
insert into orders_dishes (id, dish_id, order_id) values (912, 83, 304);
insert into orders_dishes (id, dish_id, order_id) values (913, 8, 903);
insert into orders_dishes (id, dish_id, order_id) values (914, 76, 792);
insert into orders_dishes (id, dish_id, order_id) values (915, 91, 160);
insert into orders_dishes (id, dish_id, order_id) values (916, 96, 245);
insert into orders_dishes (id, dish_id, order_id) values (917, 58, 28);
insert into orders_dishes (id, dish_id, order_id) values (918, 84, 435);
insert into orders_dishes (id, dish_id, order_id) values (919, 41, 161);
insert into orders_dishes (id, dish_id, order_id) values (920, 52, 442);
insert into orders_dishes (id, dish_id, order_id) values (921, 5, 876);
insert into orders_dishes (id, dish_id, order_id) values (922, 100, 913);
insert into orders_dishes (id, dish_id, order_id) values (923, 38, 642);
insert into orders_dishes (id, dish_id, order_id) values (924, 8, 578);
insert into orders_dishes (id, dish_id, order_id) values (925, 27, 500);
insert into orders_dishes (id, dish_id, order_id) values (926, 88, 732);
insert into orders_dishes (id, dish_id, order_id) values (927, 54, 978);
insert into orders_dishes (id, dish_id, order_id) values (928, 47, 322);
insert into orders_dishes (id, dish_id, order_id) values (929, 49, 814);
insert into orders_dishes (id, dish_id, order_id) values (930, 15, 977);
insert into orders_dishes (id, dish_id, order_id) values (931, 26, 197);
insert into orders_dishes (id, dish_id, order_id) values (932, 49, 212);
insert into orders_dishes (id, dish_id, order_id) values (933, 90, 451);
insert into orders_dishes (id, dish_id, order_id) values (934, 78, 22);
insert into orders_dishes (id, dish_id, order_id) values (935, 52, 464);
insert into orders_dishes (id, dish_id, order_id) values (936, 78, 60);
insert into orders_dishes (id, dish_id, order_id) values (937, 60, 448);
insert into orders_dishes (id, dish_id, order_id) values (938, 3, 457);
insert into orders_dishes (id, dish_id, order_id) values (939, 43, 600);
insert into orders_dishes (id, dish_id, order_id) values (940, 21, 960);
insert into orders_dishes (id, dish_id, order_id) values (941, 92, 974);
insert into orders_dishes (id, dish_id, order_id) values (942, 20, 255);
insert into orders_dishes (id, dish_id, order_id) values (943, 14, 910);
insert into orders_dishes (id, dish_id, order_id) values (944, 54, 544);
insert into orders_dishes (id, dish_id, order_id) values (945, 54, 344);
insert into orders_dishes (id, dish_id, order_id) values (946, 87, 109);
insert into orders_dishes (id, dish_id, order_id) values (947, 12, 549);
insert into orders_dishes (id, dish_id, order_id) values (948, 58, 251);
insert into orders_dishes (id, dish_id, order_id) values (949, 29, 637);
insert into orders_dishes (id, dish_id, order_id) values (950, 48, 446);
insert into orders_dishes (id, dish_id, order_id) values (951, 38, 172);
insert into orders_dishes (id, dish_id, order_id) values (952, 39, 987);
insert into orders_dishes (id, dish_id, order_id) values (953, 21, 767);
insert into orders_dishes (id, dish_id, order_id) values (954, 44, 692);
insert into orders_dishes (id, dish_id, order_id) values (955, 95, 967);
insert into orders_dishes (id, dish_id, order_id) values (956, 42, 879);
insert into orders_dishes (id, dish_id, order_id) values (957, 98, 849);
insert into orders_dishes (id, dish_id, order_id) values (958, 10, 319);
insert into orders_dishes (id, dish_id, order_id) values (959, 77, 296);
insert into orders_dishes (id, dish_id, order_id) values (960, 10, 658);
insert into orders_dishes (id, dish_id, order_id) values (961, 72, 366);
insert into orders_dishes (id, dish_id, order_id) values (962, 42, 515);
insert into orders_dishes (id, dish_id, order_id) values (963, 30, 66);
insert into orders_dishes (id, dish_id, order_id) values (964, 88, 966);
insert into orders_dishes (id, dish_id, order_id) values (965, 37, 536);
insert into orders_dishes (id, dish_id, order_id) values (966, 39, 559);
insert into orders_dishes (id, dish_id, order_id) values (967, 36, 419);
insert into orders_dishes (id, dish_id, order_id) values (968, 39, 945);
insert into orders_dishes (id, dish_id, order_id) values (969, 86, 270);
insert into orders_dishes (id, dish_id, order_id) values (970, 27, 475);
insert into orders_dishes (id, dish_id, order_id) values (971, 50, 3);
insert into orders_dishes (id, dish_id, order_id) values (972, 85, 884);
insert into orders_dishes (id, dish_id, order_id) values (973, 73, 242);
insert into orders_dishes (id, dish_id, order_id) values (974, 93, 993);
insert into orders_dishes (id, dish_id, order_id) values (975, 84, 101);
insert into orders_dishes (id, dish_id, order_id) values (976, 11, 959);
insert into orders_dishes (id, dish_id, order_id) values (977, 94, 304);
insert into orders_dishes (id, dish_id, order_id) values (978, 37, 214);
insert into orders_dishes (id, dish_id, order_id) values (979, 85, 784);
insert into orders_dishes (id, dish_id, order_id) values (980, 98, 784);
insert into orders_dishes (id, dish_id, order_id) values (981, 31, 199);
insert into orders_dishes (id, dish_id, order_id) values (982, 40, 505);
insert into orders_dishes (id, dish_id, order_id) values (983, 93, 850);
insert into orders_dishes (id, dish_id, order_id) values (984, 12, 948);
insert into orders_dishes (id, dish_id, order_id) values (985, 31, 38);
insert into orders_dishes (id, dish_id, order_id) values (986, 42, 554);
insert into orders_dishes (id, dish_id, order_id) values (987, 100, 30);
insert into orders_dishes (id, dish_id, order_id) values (988, 70, 918);
insert into orders_dishes (id, dish_id, order_id) values (989, 84, 731);
insert into orders_dishes (id, dish_id, order_id) values (990, 20, 727);
insert into orders_dishes (id, dish_id, order_id) values (991, 70, 275);
insert into orders_dishes (id, dish_id, order_id) values (992, 72, 13);
insert into orders_dishes (id, dish_id, order_id) values (993, 79, 162);
insert into orders_dishes (id, dish_id, order_id) values (994, 89, 666);
insert into orders_dishes (id, dish_id, order_id) values (995, 6, 777);
insert into orders_dishes (id, dish_id, order_id) values (996, 63, 97);
insert into orders_dishes (id, dish_id, order_id) values (997, 30, 475);
insert into orders_dishes (id, dish_id, order_id) values (998, 89, 260);
insert into orders_dishes (id, dish_id, order_id) values (999, 78, 177);
insert into orders_dishes (id, dish_id, order_id) values (1000, 10, 951);

insert into staff (id, name, location_id) values (1, 'Egan Hook', 5);
insert into staff (id, name, location_id) values (2, 'Kit Tunsley', 2);
insert into staff (id, name, location_id) values (3, 'Jeri McNeilley', 9);
insert into staff (id, name, location_id) values (4, 'Lisbeth Mould', 8);
insert into staff (id, name, location_id) values (5, 'Carolyn Loadwick', 2);
insert into staff (id, name, location_id) values (6, 'Fraze Gooddie', 1);
insert into staff (id, name, location_id) values (7, 'Kirbee Braywood', 3);
insert into staff (id, name, location_id) values (8, 'Debera Hallin', 8);
insert into staff (id, name, location_id) values (9, 'Charmane Warlow', 3);
insert into staff (id, name, location_id) values (10, 'Kettie Jarnell', 10);
insert into staff (id, name, location_id) values (11, 'Lanita Dominiak', 7);
insert into staff (id, name, location_id) values (12, 'Torey Moodie', 6);
insert into staff (id, name, location_id) values (13, 'Tabitha Le Friec', 8);
insert into staff (id, name, location_id) values (14, 'Legra Empson', 5);
insert into staff (id, name, location_id) values (15, 'Rafa Phifer', 3);
insert into staff (id, name, location_id) values (16, 'Natale Collett', 6);
insert into staff (id, name, location_id) values (17, 'Forbes O''Fallone', 9);
insert into staff (id, name, location_id) values (18, 'Flora Chasteney', 2);
insert into staff (id, name, location_id) values (19, 'Jacqueline Pibworth', 6);
insert into staff (id, name, location_id) values (20, 'Forster Pattington', 6);
insert into staff (id, name, location_id) values (21, 'Willie Thomason', 6);
insert into staff (id, name, location_id) values (22, 'Obadiah Mottershead', 5);
insert into staff (id, name, location_id) values (23, 'Merlina Stooke', 1);
insert into staff (id, name, location_id) values (24, 'Bellina Petyakov', 8);
insert into staff (id, name, location_id) values (25, 'Audy Macauley', 4);
insert into staff (id, name, location_id) values (26, 'Shae Pidler', 6);
insert into staff (id, name, location_id) values (27, 'Kaycee Pauleit', 2);
insert into staff (id, name, location_id) values (28, 'Vivianne De Filippis', 8);
insert into staff (id, name, location_id) values (29, 'Karel Morgue', 10);
insert into staff (id, name, location_id) values (30, 'Dory Pentlow', 6);
insert into staff (id, name, location_id) values (31, 'Maxy Izkovicz', 10);
insert into staff (id, name, location_id) values (32, 'Georges Rosedale', 1);
insert into staff (id, name, location_id) values (33, 'Prinz Rickets', 8);
insert into staff (id, name, location_id) values (34, 'Baryram Tooley', 4);
insert into staff (id, name, location_id) values (35, 'Taffy Casper', 1);
insert into staff (id, name, location_id) values (36, 'Sherye Nattriss', 5);
insert into staff (id, name, location_id) values (37, 'Ardys MacFaell', 5);
insert into staff (id, name, location_id) values (38, 'Staford Pohls', 2);
insert into staff (id, name, location_id) values (39, 'Michell Keech', 5);
insert into staff (id, name, location_id) values (40, 'Ola Eckhard', 10);
insert into staff (id, name, location_id) values (41, 'Trisha Golly', 5);
insert into staff (id, name, location_id) values (42, 'Elyse Woonton', 2);
insert into staff (id, name, location_id) values (43, 'Say Dunnett', 9);
insert into staff (id, name, location_id) values (44, 'Eberto Scrammage', 9);
insert into staff (id, name, location_id) values (45, 'Haze Balazin', 1);
insert into staff (id, name, location_id) values (46, 'Corrie McNay', 7);
insert into staff (id, name, location_id) values (47, 'Reena Plaster', 9);
insert into staff (id, name, location_id) values (48, 'Brandtr Ties', 2);
insert into staff (id, name, location_id) values (49, 'Bartholomew Amberson', 5);
insert into staff (id, name, location_id) values (50, 'Arnold Vereker', 10);
